iteration,rastrigin_seed0.csv,rastrigin_seed1.csv,rastrigin_seed10.csv,rastrigin_seed11.csv,rastrigin_seed12.csv,rastrigin_seed13.csv,rastrigin_seed14.csv,rastrigin_seed15.csv,rastrigin_seed16.csv,rastrigin_seed17.csv,rastrigin_seed18.csv,rastrigin_seed19.csv,rastrigin_seed2.csv,rastrigin_seed20.csv,rastrigin_seed21.csv,rastrigin_seed22.csv,rastrigin_seed23.csv,rastrigin_seed24.csv,rastrigin_seed25.csv,rastrigin_seed26.csv,rastrigin_seed27.csv,rastrigin_seed28.csv,rastrigin_seed29.csv,rastrigin_seed3.csv,rastrigin_seed30.csv,rastrigin_seed4.csv,rastrigin_seed5.csv,rastrigin_seed6.csv,rastrigin_seed7.csv,rastrigin_seed8.csv,rastrigin_seed9.csv,中央値,平均値,標準偏差
0,99.23896843358784,86.80726639819503,93.8996594461828,6.349615868140399,2.587884777532988,5.752477953113647,2.153157429495007,1.3267308004273133,4.159867023545397,1.387897139773031,6.227166222791457,5.454647042179612,83.735939143684,0.4230041420069383,0.3024248496853055,2.221925985202411,2.5126500422255877,6.666459945592923,5.820936484185861,2.321722804646633,2.172330965456496,3.143625372718809,3.7568419546581246,90.65369913391814,3.147103727199408,76.81885046605694,91.25970981045876,93.95503716306185,101.23217547817156,100.93599509248509,66.76603065321544,5.752477953113647,33.97392908869661,42.39049716121264
1,70.39294176048558,63.74867033020608,75.23872045923174,3.909369002152076,1.2415674722405612,0.8998620661031858,2.800570531252472,1.569911197693994,5.109352459075382,1.2307886449211909,1.778629377526869,2.285091875060761,71.65484430634139,1.2129559357530688,2.0507992804463093,1.180617384160783,2.467339590809672,5.868639148936737,2.3672968686030416,2.321722804646633,0.8813334024180293,2.156100477490039,1.827492888758257,61.33284846512351,0.9105915203902556,83.79706739044545,82.89836892886346,77.45788253574898,66.94351291531373,55.02954353170088,55.15357777859284,2.467339590809672,26.055419688080416,33.220564476156525
2,71.42044262388825,78.06809215997374,60.67887487154421,2.004600914559248,0.7133147508807838,2.8079128426768563,2.4495316954846054,0.6880157990587463,3.1250213343356634,0.1441949956557735,0.8844919423072,1.0432820913659206,58.46204840266971,2.031618747085659,0.7363455303833462,0.6853700318592928,1.0544003732191811,2.1695842493837425,2.2538237163529047,2.321722804646633,1.4882509424564674,1.806194147559708,0.0070395487074712,72.05901468640572,1.0903265352363751,61.41396317990127,73.30812815281497,61.79392224887262,69.35452463197058,51.69436886047195,64.95581081249881,2.2538237163529047,24.28110431045895,31.58876905951612
3,58.50424050417927,60.90833126746365,72.74334101848643,2.5422186156665063,2.4623305185770192,1.076004709032869,3.2743147339140606,2.9887566605522835,2.622857144708689,0.1119177462812075,0.206904765379754,2.9814540146420008,49.31006469899688,1.3945432221890108,0.2585822734998402,1.4884160827828268,0.3320609686488325,2.2755682189218263,0.2283392577518519,2.321722804646633,1.9027869274887976,3.0314591879118886,1.3431759751655044,73.66788503530532,1.939237052837456,73.13412864104212,59.07294827205358,65.38718072485915,59.41616886174674,67.11316893021524,76.28262994965738,2.622857144708689,24.20395931563241,31.183068795086413
4,55.91197562687408,51.80101479858362,58.68797306919253,1.7169162969069234,0.420835165043691,1.0020671066154136,0.3070972858393759,0.0205737882179342,3.0999739228624072,0.0110871938614884,0.1334277253069444,0.3273621885667808,50.501413866785214,1.1172355896210815,0.0983621706986923,0.2608292430327452,1.0697540269590533,1.0423578763833952,0.6108569317393417,1.8111828667735492,1.0237913670336738,1.0985706864058002,0.2085701250381859,45.22403493710663,0.2519000145829295,64.65116255290272,62.26938281491003,61.9053589844566,59.9756816176236,47.32209470301398,37.7250370373109,1.0985706864058002,19.72928650258869,26.429457133649482
5,71.7690905708123,49.6309927744001,63.97012341250231,0.9182440506879956,0.0630229748754303,2.2145303090788677,2.119947778246633,0.016320150357366,2.4415440865728755,0.0389777375851565,0.5762901536073599,0.0229911567682492,48.48873609987929,0.0280732965006222,0.4517262264263522,0.2131175523367652,0.7836364778529372,0.3147060420692185,0.0065159613065972,2.032599655162919,1.0288874968116204,1.1736279169395374,0.402720824677516,55.78901095152565,0.1722642772697966,50.99649036407305,68.05392560180475,54.56809240895444,60.04261331481228,43.83391365798649,37.7250370373109,1.1736279169395374,19.99637968771598,27.0542046571516
6,62.54388435367136,46.0339106865521,56.03930628165904,2.571605953246461,0.2479425301183333,0.0921200887587545,1.4233934620566018,0.2846975673794816,0.6815892044485139,0.0133999197059893,0.11638509752418,0.1195682618695883,50.53894421595783,1.4774355503812728,0.1167709408708645,0.0636302557459345,0.6918555726152178,0.6842016675806519,0.0065159613065972,1.2635484519340068,1.1828084764566,1.1372929938531229,0.0812600472757623,48.6272581441149,0.0108948434911795,50.99649036407305,56.10330531623899,48.26789571723332,48.38995021122934,48.72528853234807,40.56440965984595,1.1828084764566,18.357985817082035,24.56184258077567
7,59.45464622252112,44.77248195981592,35.94617174529435,1.0689475502343626,0.1603434721911014,0.0438487272448995,0.1504997774517811,0.0173250305722305,0.7500879372928537,0.0110871938614884,0.0541909162635185,0.0268330939224412,61.52113657129617,1.650553272728324,0.0711270845649636,0.011761933360141,0.4482925109151168,0.2965341976432114,0.1642421083104359,1.287507120960267,1.0764922044082716,1.0985706864058002,0.0741900859869488,46.79667236522269,0.0602774914129966,54.29359897081942,45.410041383886295,25.98925743235253,58.759985130213,49.83792779380204,40.56440965984595,1.0689475502343626,17.157065859058086,23.77477374688035
8,60.2591346783384,32.15388766088819,22.056886573479915,1.5686120091778193,0.0838456892947974,0.0188091313914071,0.3304911694071961,0.0077872126116105,2.258656992711348,0.0004982156445336,0.0277184448297234,0.0776113044711337,57.005909902655176,1.097672760662057,0.0577064156275035,0.0101317884570235,0.2089839896055956,0.464051729166858,0.0025227101633156,2.158364335804002,1.0288874968116204,1.0030714516936357,0.0070395487074712,28.45034702504213,0.031024320118469,43.11443745142015,50.53474368587528,25.98925743235253,52.898589731112345,49.83792779380204,36.89448741303624,1.0288874968116204,15.149648260140628,21.480989824742203
9,49.81525001071308,24.10670775019267,14.561026266866165,1.0097861465821367,0.0045634738928512,0.0191932227210003,0.0855796487182658,0.0098464556265938,0.7500879372928537,0.0030145828927814,0.0206832608634499,0.0030630183560518,42.010706450882864,1.0524121240281232,0.0003375747403246,0.0022126317115009,0.117616880007354,0.0992759879898699,0.0143948764706465,2.158364335804002,1.0226027401895124,1.0005113442740452,0.0180236765653205,25.666156884437527,0.0108948434911795,31.80522063165316,37.84412542485445,22.541780087222733,52.898589731112345,49.83792779380204,29.32838068931233,1.0005113442740452,12.510268918815072,18.21189959502003
10,35.63868698183131,24.10670775019267,12.79440642279252,1.0806252012552804,0.0051016566930712,0.1161921718091356,0.028920675668651,0.0018688837882976,0.0334959627836468,0.0011999556571709,0.0038869047281338,0.0001085611290747,35.6059980996702,1.0275612100938076,0.0122211837642254,0.009448813069568,0.117616880007354,0.1644248772636487,0.024696566665078,1.6341786020833595,0.9960287830409982,1.0069740235249682,0.0001234422613443,20.682061946210965,0.0018500015074316,31.80522063165316,33.32397014090229,20.607566585545317,44.44413743935826,43.981181112713855,19.93291664648119,0.9960287830409982,10.619012197230516,15.357354476400177
11,25.20768751820472,22.643408761485706,12.46741591378759,1.0285219192675117,0.008968082294892,0.007872999469928,0.0259140600089509,0.0001727454049955,0.0218611978825933,0.0002948336365591,0.0024389094731986,0.0026173768490203,31.877322822529425,1.0227550781803458,0.0034353029002254,0.0073070461789797,0.1222084915658641,0.0099853153930418,0.0045466993654059,1.0395226230516457,1.000051100091525,1.007784560650876,0.0047354848738727,18.06315340077873,0.0026546494133263,28.425874980538808,30.105353865430857,16.664548474510255,40.245051505761886,33.7318009367291,19.276453534630026,1.000051100091525,9.162313554527092,13.127589588461527
12,22.41256350365029,14.85183003321157,11.89180397183364,0.997902007939178,0.0019677508921418,0.006067318339241,0.0116423888558507,0.0015751259896426,0.0084010106979235,0.0001837994641213,0.0027544828537315,0.0015639388711221,28.25027049773256,1.0234490901965572,0.0004456209905683,0.0014061734770223,0.002316252728697,0.0122128437406203,0.0022680592141206,1.0636718398956972,0.995286545139777,0.9963641119600516,5.3069057656784935e-05,16.83472306880303,0.0044191238078781,26.213940777986053,27.264522279603483,15.02233541131784,32.28142993879999,33.7318009367291,14.2124009435436,0.995286545139777,8.003276513462025,11.551978724365695
13,19.3380677388146,12.415703434889991,11.039760785956249,1.009029239066649,0.0032649243103364,0.007872999469928,0.0050902553590823,0.0010698005500024,0.0088435079909743,4.133025593588968e-05,0.001477410678035,0.0013901384848544,22.58883919952888,0.9990553773733168,0.0032627606807267,0.0012024109495136,0.0009033854804734,0.0038077314080382,0.0012055648100428,1.0133754395533074,0.9954854061827874,0.9955098494750558,0.0011436740948376,15.22438287543605,0.0020409288460356,23.088708156406653,24.06242749755809,13.624715750446768,28.138938393615376,30.54260900104944,13.507711777435771,0.9954854061827874,7.05248183052122,10.099534858308633
14,16.370816882026972,10.934451534478328,11.050627937599032,0.9992291558134524,0.0022499219440277,0.0001855886648201,0.001131013978636,0.0004665594068313,0.0086305350681215,1.7992132274713413e-05,0.0005752329679324,0.0010510009664201,21.51714836875605,0.9954267809793294,3.024598029099934e-05,0.0002524155179877,0.0009305486975037,0.0097422318639459,0.0001867858173696,1.0133754395533074,0.9951724238435772,0.9956210425217832,0.0011850398365851,14.355106312682878,0.0002946221021673,19.178628535286308,21.79070935666843,13.229471197988744,27.910328386491187,27.980911859794617,13.198123055902345,0.9951724238435772,6.533615419526815,9.334857719891954
15,15.756661148585806,9.427606714513146,10.755467426849904,0.9962323879396848,0.0008447258240629,0.0001855886648201,0.0004433268100711,0.0001921425962692,0.0057510543117338,1.7992132274713413e-05,3.612549813425403e-05,0.000245287702306,14.756754022237203,0.9952023197893104,0.0005004072852514,0.0007451795149435,0.0011459967078977,0.001325568807438,0.0004857115998753,1.0133754395533074,0.99499382251312,0.9964809651920844,5.021309593900014e-05,13.754869208902704,0.0006989837331801,18.63674710008792,21.428137483869293,12.461038321127702,21.80424382052739,27.55586858686044,11.157179303429118,0.99499382251312,5.887210528266527,8.389181727371968
16,13.119191943171105,8.812939460623113,10.516741814616736,0.9955803400035208,0.0001432023343852,5.504440234460617e-05,0.0004433268100711,3.439508476787978e-05,0.0006479002500583,1.564890809646613e-05,2.3570857486276964e-05,0.0001241650582812,13.17258498552323,0.995020036660911,0.0001102983285932,8.025814057077696e-05,0.0016500768532914,0.0003434683908771,2.03250933275001e-05,1.0133754395533074,0.9950595206281996,0.9952032745969532,2.735055807079334e-05,13.337550128315954,5.960480694966464e-05,15.813935883893862,20.391925141130343,10.75168813288272,20.754136865245712,26.978698356617244,8.568934540839251,0.995020036660911,5.394075629038043,7.806668766645465
17,9.963568696063303,7.972844305373826,10.42779526005421,0.9950643193543875,0.0004718623830939,0.0001855886648201,8.738765122018322e-05,0.0001222246441479,0.0001456058053861,5.772342348109305e-06,6.245945739635772e-05,5.608531644440973e-05,11.28769990930509,0.9951907519149544,6.620585247674171e-05,3.5230667755570266e-05,0.0003223840438479,0.0006390013994987,0.0001178589821222,0.9988049086532412,0.9949729914069358,0.9952775558188662,5.011771460061709e-06,12.766330302234906,3.200870656172583e-05,15.8981505713961,19.675213526973977,10.75168813288272,18.67428994682241,23.19675225693598,7.544517007018953,0.9949729914069358,4.940016617093498,7.093690677338304
18,7.737710535696337,7.242047506755455,10.323624195756224,0.9950729796131484,3.078880397211492e-05,0.0003235339095155,0.0004215568083907,1.0225670422414623e-05,0.0010246643903997,9.810097505891235e-06,4.689420155301605e-06,7.282565306354627e-07,9.827429418148512,0.9951915871202316,3.024598029099934e-05,0.0001260226531627,9.1194081750956e-05,4.760011473692316e-05,1.8925623216148324e-05,0.9965706865838512,0.994974845776106,0.9951694015415208,1.0975535005286474e-05,12.41275297870166,5.459306411381704e-05,14.86630984012649,19.20895844867846,10.084541590026248,18.18705135313374,24.568511266482417,7.124720403422387,0.994974845776106,4.727833631999095,6.972355474219105
19,7.737710535696337,7.145398253672596,10.260679535086991,0.9950961233056574,2.6645978735473363e-05,0.0001191901797596,5.664402387139944e-06,2.2601133235156112e-05,0.0006879178920513,2.78857601188065e-06,4.689420155301605e-06,1.4943519062171615e-06,9.405168306392156,0.9950086513780718,4.975932120032667e-05,3.718565101706872e-05,1.704206985664314e-05,0.0002588484637016,1.27486232628371e-05,0.9996461960524066,0.99496214809281,0.9951290047443706,1.2476891804169554e-05,11.91161278239828,3.48705158046414e-05,14.507253085039936,18.93806702307421,9.793191907995933,17.06361800439194,24.100618920139723,6.709741783946129,0.99496214809281,4.598522457576724,6.777463031657041
20,7.558505780394086,6.651477985856658,10.212953820836702,0.9950628214175268,7.106106870935491e-06,1.894111213474048e-05,7.007367051059532e-05,1.1030210558260478e-06,5.3704992382108685e-06,1.6179957640360956e-07,4.453580281449376e-06,4.508313509177242e-07,8.865141359140495,0.9949635873738032,1.4077424737024558e-05,2.2958258714567137e-05,1.2063677587548227e-05,2.8907776354003545e-05,1.8925623216148324e-05,0.995260971441553,0.9949595003861518,0.9949769418176048,3.201850645950799e-06,11.660163043132355,1.5924268378597617e-05,13.573223326898784,18.76265799563619,9.571053201259389,16.417590712422793,23.199435288199453,6.284012207368434,0.9949595003861518,4.442956847196213,6.553261642587551
21,7.263832512620681,6.324685636985862,10.182665229407917,0.9950643193543875,8.776869904636442e-06,4.343708500087473e-05,7.421354452219475e-05,1.3327439845056688e-06,0.0002009048417903,2.848290279189314e-07,5.384409469399998e-07,4.461342996364692e-06,8.285183543096025,0.9949792412201576,3.200298611005792e-06,3.664797706193213e-06,1.2063677587548227e-05,1.2481071536285526e-06,3.802674299890896e-06,0.9950413017239584,0.9949594395930604,0.9949664037532528,1.9479181148085445e-06,11.56933743767688,1.6315311910375383e-06,13.314922052905573,18.59287111138586,9.511419822969913,15.877114094548432,22.68432866400626,6.113033221042912,0.9949594395930604,4.3449924368062565,6.41905401339926
22,7.174006661237385,6.129996611638873,10.155014129905254,0.9949914396230994,4.393299477101209e-06,1.4153737129873887e-05,1.4196787059717051e-05,1.2215424263217756e-06,6.380783776904764e-05,8.56839932339426e-08,5.268228271404496e-07,2.246331369804011e-07,6.499320682409774,0.9949591490913504,3.116609399000936e-06,4.003655362794234e-07,1.1453366617786289e-05,9.12055607216189e-06,7.805523765114231e-07,0.9952783973863788,0.9949593514639474,0.99496493591883,2.4911225438017937e-07,11.481276774623936,1.0780782844221905e-07,12.80716973123404,18.57646848124276,9.440750987062216,15.4189290256856,22.405661344430783,5.856143859133496,0.9949591490913504,4.223226303251665,6.299634951322323
23,7.042437961007479,6.03038108923235,10.132509523601511,0.9949977560855032,1.6473929065341508e-06,2.618119211206249e-06,5.664402387139944e-06,2.0597980210368405e-08,2.6025873189894355e-06,6.411464426037129e-08,1.0660039038157263e-06,4.508313509177242e-07,6.305864860234507,0.9949632863949311,2.1312451963240164e-06,2.045331292777064e-06,4.699832295784745e-06,9.12055607216189e-06,2.248683308891941e-06,0.9954729216371518,0.9949593514639474,0.9949612257471614,2.4911225438017937e-07,11.444451174163774,1.9199117069490512e-06,12.475709415710853,18.51657965819953,9.375249724312027,15.223555760894271,22.23422737404306,5.668316721460869,0.9949593514639474,4.174989495255185,6.24132046239152
24,6.501317297639304,5.928672069856944,10.10684425449989,0.9949739121625996,6.200134343714581e-07,4.673683342559798e-07,1.3294335069247154e-05,9.683667201443313e-08,2.6025873189894355e-06,1.1909592956271808e-07,6.879787406433024e-08,6.81382545053566e-07,6.1556557131622895,0.9949615142649152,6.985933183045745e-07,1.6776270932439274e-06,1.0692636109865816e-07,7.488638786412594e-06,4.284664850473519e-06,0.9950073535602152,0.994959095050099,0.9949601630430464,3.293526731340535e-07,11.382894010230572,2.411191246665112e-07,12.138840201233023,18.47574102690324,9.212987956149078,15.146466193254582,22.16358581541905,5.4379385895381205,0.994959095050099,4.116962514300205,6.192309096640119
25,6.435073700480615,5.835291186028599,10.095927252083952,0.9949596302370516,1.1719665948817237e-07,4.305081660049837e-07,4.214634419241747e-06,1.9913711568619877e-07,1.4896462587898895e-06,4.277943332908762e-08,3.452617747257136e-07,1.542501948392783e-07,5.887324306758615,0.9949599686131236,1.1589107984377733e-07,2.9027130921122083e-08,1.0692636109865816e-07,8.038101043439383e-06,2.951326862898896e-07,0.9949923604446518,0.9949591304144434,0.9949591538330864,5.6732645248303015e-08,11.312612268412352,2.66892833167276e-07,11.938546738107874,18.44353447635433,9.182048606076648,15.0778595462602,22.050159195041104,5.319600311004848,0.9949591304144434,4.0823491526538485,6.15682195460493
26,6.399574164930513,5.793994452513189,10.084395099287931,0.9949660609915868,1.1719665948817237e-07,3.4674675220003337e-07,5.329137771070691e-07,9.784614718455489e-08,1.4896462587898895e-06,2.875808036151284e-09,1.4723146435358106e-07,7.912379373919975e-08,5.715889902859786,0.99495907861602,3.155058436732361e-10,3.903717278319618e-07,1.0692636109865816e-07,5.109398628633244e-07,9.313100335361925e-08,0.9949859418414596,0.9949590882843892,0.9949591073009962,1.426310483054749e-07,11.279193782451372,1.0246564130511616e-07,11.624890893411276,18.404927794485037,9.156821793743376,14.962932399646364,21.90324060300867,5.243826245527217,0.99495907861602,4.049823244169709,6.114174985359391
27,6.314012462783936,5.76233710142867,10.066833943757686,0.9949599237702244,2.1157892859946517e-07,2.030489909543576e-07,8.855696123077905e-07,1.54819019826391e-08,1.2958468964541223e-06,1.4335672204879302e-08,2.488818040546903e-10,8.877542256868765e-09,5.519001140778926,0.9949591421562404,1.26556585655635e-07,1.529812010403475e-08,9.887774865546817e-08,3.615078867369448e-07,3.185393069315978e-07,0.994985266433062,0.9949590615337024,0.9949591073009962,1.7985968270295416e-08,11.263936365063898,6.743087155314242e-08,11.483340537213309,18.38633230959786,9.13443969036473,14.91318538340728,21.837300599299525,5.15045336468026,0.9949590615337024,4.02599996905662,6.092041713561872
28,6.279400843916477,5.734050600952926,10.057019364903752,0.9949593164603954,4.2037108016756974e-08,1.4933818448525926e-07,1.432535352563491e-06,2.0052560500971598e-08,3.825554628633654e-07,5.260350377511713e-09,2.7659496026899436e-08,7.267691159995594e-08,5.485232777577792,0.994959161498489,5.7041788181777526e-08,5.6060592612539046e-08,6.105231875608298e-08,3.615078867369448e-07,7.389296285964518e-09,0.994959747448256,0.9949590674174118,0.9949590712173232,9.946482748546261e-09,11.23305049195062,1.802316127452741e-07,11.416413723825611,18.37148919138231,9.10865488937361,14.842888254725436,21.788772321155665,5.105732814569564,0.9949590674174118,4.012822725926486,6.075721598529255
29,6.2689206826147625,5.703199004734373,10.049788716724478,0.9949590912562912,2.604981119702643e-09,1.2353269340792394e-07,1.1019541119594578e-06,2.32242527431481e-08,8.207714898844642e-07,1.941536709182401e-09,1.6448687745196366e-08,4.9691237791194e-09,5.3873139869879765,0.9949590699270772,1.3920953279011883e-10,6.684061304440547e-09,2.336090787480316e-08,2.801763621107512e-07,2.5780650503293145e-08,0.9949642763595749,0.9949590607091744,0.9949591013453016,2.706336488245142e-09,11.215536217829168,3.547888738353322e-08,11.314739356812638,18.30964310393404,9.095076963608577,14.809675576989108,21.75127951828944,5.066456772478716,0.9949590607091744,3.998272031302387,6.058366372417062
30,6.252784210119827,5.68033371183418,10.043731533148645,0.9949594970019148,1.2571895524615684e-08,5.9407199159977615e-08,2.3355016764980974e-07,2.736598503361165e-09,2.936592409241712e-07,2.512805963306164e-09,3.3776501595639274e-09,8.889362135278134e-09,5.334267298466912,0.99495907042148,7.125890988390893e-10,2.760764061804366e-09,1.1596462456964218e-08,2.3611022470504398e-08,2.0914242782055226e-08,0.994961577044876,0.9949590587854472,0.9949590591092452,3.829029537882889e-09,11.197882064034644,4.0541081602896165e-09,11.223594778630556,18.229136546082916,9.081198908866211,14.779722501779275,21.7131639943495,5.0370266079372215,0.9949590587854472,3.98540777747729,6.0405877369369785
31,6.244584976632979,5.668084327947156,10.041167558370276,0.9949591169520708,3.856399644064368e-09,3.6416025750440895e-10,7.861889628202334e-08,2.7250663947597782e-09,4.2457820370600536e-08,9.484040219831511e-10,7.458531570136984e-09,9.068017448043976e-10,5.291178274123865,0.9949590637954522,7.125890988390893e-10,5.7029474476166805e-09,7.484551645120519e-09,7.997083883992673e-09,1.2384205660964652e-08,0.9949590954142806,0.9949590581811804,0.994959057145472,4.862990010678914e-10,11.187390977618035,3.6445229056880635e-09,11.13152737083837,18.193847415145257,9.075133674835286,14.746883331453304,21.676228741801253,5.016606019762875,0.994959057145472,3.975723491476303,6.027255337135467
32,6.236022750342855,5.654114084559424,10.038478932090626,0.9949590912562912,3.3545646260790814e-09,3.6416025750440895e-10,1.569178209592792e-08,5.017319892886006e-10,1.4443948259668105e-08,1.2112622016502428e-10,2.648661734383495e-09,4.9691237791194e-09,5.265402128121906,0.9949590702919268,7.125890988390893e-10,2.760764061804366e-09,5.871179098448921e-09,5.47666445527284e-08,4.214410154190773e-09,0.9949591340978294,0.994959057968444,0.9949590605614134,2.707665203161014e-10,11.176845078417273,1.973802454813267e-09,11.0863720074303,18.17903129115824,9.072463653503618,14.734113221656033,21.658383865958054,4.998162613619058,0.994959057968444,3.970135004958018,6.020682937760308
33,6.226208393876675,5.591202926620767,10.03586842142768,0.9949590912562912,9.269456313631963e-10,1.0075140721710339e-10,1.569178209592792e-08,2.0327206584624944e-10,1.4443948259668105e-08,1.2434497875801753e-13,1.5681642651088623e-09,9.588703164808976e-10,5.25431496849221,0.9949590590596102,8.563532105654302e-10,7.274962854353362e-10,2.9502800202863e-09,6.899064430854196e-09,1.989228337606619e-09,0.9949590954142806,0.9949590578844294,0.9949590600407204,4.4928682996214775e-10,11.171647959125792,4.468411418656615e-09,10.904927105860535,18.17226067616501,9.066014903759182,14.713147186645829,21.64081257243077,4.980935062494567,0.9949590578844294,3.959101148154462,6.008750567254319
34,6.220293747133482,5.559839409375385,10.03188549367502,0.9949590622240798,8.773426429797836e-10,3.6416025750440895e-10,1.5723461643801784e-08,4.0138559143088054e-10,9.80727321575614e-09,1.2434497875801753e-13,1.9185364408258463e-10,4.109068640900659e-10,5.242607413474573,0.9949590599338336,5.622879939437553e-10,1.7977797028834175e-10,7.71592567616608e-10,1.3641923146678891e-09,1.3866952031094115e-10,0.9949590660980228,0.9949590577499094,0.9949590575383668,1.4693313232783112e-10,11.166020192631152,5.815863346469995e-10,10.53678166327171,18.16719487088648,9.061870583448837,14.699448942542332,21.61776229877428,4.968969944293932,0.9949590575383668,3.943466770792676,5.990433375992261
35,6.215022486147674,5.552899199840098,10.024642581257638,0.9949590608190348,1.7597656665202519e-10,1.2703367247013375e-09,6.155843834676489e-09,7.080558361849397e-11,9.80727321575614e-09,1.4836842865406652e-10,6.519940143334679e-11,1.0002310091294929e-10,5.232401075877675,0.994959058348016,5.524043444893323e-10,3.3166003277074196e-10,3.7749003922726837e-10,3.2270364158648585e-10,6.489742077064874e-10,0.9949590775163132,0.994959057230183,0.9949590571638716,9.450573656977211e-11,11.15873668883404,5.086455701075464e-10,10.395367458249195,18.158933158271736,9.057836033490233,14.69231066330174,21.60525779399606,4.963042992731303,0.9949590571638716,3.936491789151775,5.982091787649557
36,6.212249095349762,5.534871994180747,10.02143437067295,0.9949590640224492,2.9842794901924208e-12,4.948219611833338e-11,1.730651177922482e-09,1.4580336937797256e-11,5.169830785689555e-09,2.714273250603583e-12,1.243520841853751e-10,3.90087961932295e-12,5.227666836237134,0.994959059068158,4.643894158107287e-10,3.3166003277074196e-10,3.5424818634055555e-10,1.331731169784689e-09,2.6381030693301e-10,0.9949590660980228,0.994959057120699,0.9949590571468327,1.0146550266654229e-11,11.15289468456868,1.7466561530454783e-10,10.354106403391356,18.154742356962032,9.055641762620128,14.684350824743431,21.59905001071037,4.959246134532435,0.994959057120699,3.933259670563043,5.978530674910811
37,6.211113731535875,5.521582963157286,10.018976411727763,0.9949590649467552,3.765876499528531e-13,2.7122126766698784e-10,2.4940938203599213e-09,4.9379167421648156e-11,1.9657591110444628e-09,4.121147867408581e-13,2.6268764941050904e-11,1.0002310091294929e-10,5.196008581869066,0.994959057359587,9.983125437429408e-12,1.0953016271741943e-10,1.5943868447720888e-10,6.651745820818178e-10,2.3775470481268707e-10,0.9949590819847244,0.994959057115814,0.994959057193416,7.751310704406933e-11,11.147625350188036,4.277111997907923e-11,10.278444544877644,18.151116624802285,9.05146857318087,14.679538535944602,21.58745348400308,4.950441513828423,0.994959057115814,3.928018246449191,5.973292608894999
38,6.2094744029434,5.5149214788761896,10.017221450964795,0.994959057672709,2.515321284590755e-12,2.2353674467012752e-11,5.11413134063332e-10,1.745092959026806e-11,2.601339588181872e-09,1.2434497875801753e-13,5.588418616753188e-12,3.90016907658719e-11,5.182679158161051,0.9949590571795676,9.478640095039736e-12,1.1851852832478471e-11,2.7312552219882486e-10,1.5202772374323104e-10,5.3653081977245165e-11,0.9949590612443586,0.994959057115814,0.9949590571273994,1.1940670674448484e-11,11.14503181134394,4.277111997907923e-11,10.242712360557874,18.14865020779948,9.04938065924756,14.674072248311845,21.581273957543388,4.945250788919154,0.994959057115814,3.9253375425407473,5.970468967796156
39,6.20714312518291,5.511724999788669,10.016175101551768,0.9949590571109396,3.765876499528531e-13,2.334843429707689e-11,9.495195740782947e-10,4.050093593832571e-13,8.577032417633744e-10,1.9610979506978765e-12,2.5757174171303628e-12,3.90087961932295e-12,5.177115062598091,0.994959057147419,5.978151307317603e-11,3.791456038015895e-11,1.212541178574611e-10,1.0427214647279469e-10,3.666400516522117e-12,0.9949590577155902,0.994959057115814,0.9949590571121512,4.568789790937444e-12,11.14115139634572,1.2498446722020162e-11,10.22031277579616,18.14776825983789,9.048355813016968,14.665251122578267,21.5773009714364,4.942663244091577,0.9949590571109396,3.9235405535680674,5.968355904885988
40,6.205736686221215,5.505408110223755,10.015061064200296,0.9949590574383363,3.765876499528531e-13,5.478284492710373e-12,6.372715688485187e-10,1.939781668625073e-12,1.2565948281917372e-10,1.2434497875801753e-13,4.408917675391422e-12,8.661515948915621e-12,5.174608241868072,0.994959057108165,1.994493459278601e-11,6.444622613344109e-12,5.1787907295874896e-11,2.466293835823308e-11,1.0906830993917538e-11,0.9949590572520676,0.9949590570982424,0.9949590571095044,4.050093593832571e-13,11.13734926458126,1.148947603724082e-11,10.185390906162098,18.146121496908208,9.047701536145112,14.660682629478472,21.57294213885264,4.940049278737405,0.9949590570982424,3.921478923880465,5.965979708884028
41,6.205039159269248,5.500963576222532,10.013294624245688,0.9949590573647172,3.765876499528531e-13,1.1326051208015995e-11,2.3945290195115376e-10,1.7053025658242404e-13,2.4641622076160274e-11,2.0961010704922958e-13,4.227729277772596e-13,1.968203378055477e-12,5.167353001550637,0.9949590571055076,8.562039965909207e-13,1.8403056856186595e-12,1.9372947690499128e-11,2.6016522269856068e-11,7.826628234397504e-12,0.9949590573400116,0.994959057093908,0.9949590571085024,5.471179065352771e-13,11.135468676675004,2.9132252166164108e-12,10.152329249411665,18.14538141872813,9.046672578779877,14.657207932493378,21.56922245131247,4.9371147069570185,0.994959057093908,3.9195110536127817,5.9639099809677045
42,6.204315028129471,5.498030687152493,10.012066896016776,0.994959057274066,1.3535839116229909e-12,5.2366999625519376e-12,6.506439831355236e-11,8.526512829121202e-14,1.5290879673557356e-10,4.121147867408581e-13,4.298783551348606e-13,3.907985046680551e-14,5.1630563544570975,0.9949590570972404,2.3092638912203256e-13,2.629008122312371e-13,4.611422355083049e-12,1.3642420526593924e-12,1.7053025658242404e-13,0.9949590573429924,0.9949590570938014,0.9949590570933252,2.700062395888381e-13,11.134533503212737,1.3500311979441906e-12,10.123426531678575,18.14436212452918,9.045467548869324,14.654982304625122,21.565928598212807,4.934451337761601,0.9949590570933252,3.9179166516380777,5.962171234079068
43,6.203777421442993,5.495840677536478,10.01126902972092,0.9949590570998196,7.105427357601003e-14,1.9184653865522705e-12,2.359001882723533e-12,5.009326287108706e-13,6.304290423031489e-11,1.2434497875801753e-13,5.258016244624741e-13,7.815970093361102e-13,5.159169358875715,0.994959057096235,5.186961971048731e-13,1.5987211554602254e-13,6.409095476556104e-12,1.3642420526593924e-12,2.131628207280301e-13,0.9949590572533538,0.9949590570939328,0.9949590570960324,4.973799150320701e-14,11.132568437137806,9.059419880941276e-13,10.0960448054213,18.143571762252336,9.04486895758322,14.652249249219238,21.564284525389425,4.933122163404889,0.9949590570939328,3.9165019894742787,5.960649491450874
44,6.203379935196779,5.494585132015288,10.010884607979136,0.9949590570998196,7.105427357601003e-14,1.7976731214730537e-12,1.1297629498585593e-12,1.4921397450962106e-13,9.329426120530115e-12,9.947598300641405e-14,2.273736754432321e-13,1.3002932064409833e-12,5.155765829268376,0.9949590570936452,7.247535904753022e-13,2.629008122312371e-13,4.984457291357103e-12,5.044853423896711e-13,1.0764722446765518e-12,0.9949590571098206,0.9949590570938476,0.9949590570955956,5.329070518200752e-14,11.130677219178494,8.384404281969182e-13,10.066466824047112,18.143185067732503,9.044570642879762,14.65014731571486,21.562080782817876,4.932416157773702,0.9949590570936452,3.9151275741973928,5.959113249901453
45,6.202875256977606,5.492668988372799,10.010467344340867,0.994959057094242,7.105427357601003e-14,4.973799150320701e-14,2.359001882723533e-12,3.5527136788005016e-14,8.309797294714372e-12,2.8421709430404014e-14,6.039613253960853e-14,3.0553337637684313e-13,5.152457006214647,0.9949590570932968,1.7763568394002505e-13,1.7053025658242404e-13,9.876544027065393e-13,3.3395508580724714e-13,5.684341886080803e-14,0.9949590571330376,0.9949590570933324,0.9949590570933252,3.5527136788005016e-14,11.129736841109915,4.263256414560601e-14,10.055320480938178,18.142993842172245,9.044380977077395,14.648359591551866,21.56059030815294,4.930842277153062,0.9949590570932968,3.9143705870832832,5.9583474082702965
46,6.202587876515793,5.491586774621368,10.010050584812063,0.9949590570943913,3.5527136788005016e-14,1.4210854715202006e-13,2.359001882723533e-12,3.5527136788005016e-14,5.442757355922368e-12,3.5527136788005016e-14,4.263256414560601e-14,1.4210854715202004e-14,5.149626332403429,0.994959057093496,1.3855583347321956e-13,1.0658141036401505e-13,1.5276668818842157e-13,2.131628207280301e-13,5.684341886080803e-14,0.9949590571046834,0.9949590570932898,0.994959057093368,3.5527136788005016e-14,11.126237121532084,1.4210854715202006e-13,10.032928768006798,18.14268373916008,9.044065536375484,14.64746843534023,21.55964596909324,4.93004275772185,0.9949590570932898,3.9132812639055032,5.957206056281193
47,6.202216274158289,5.49095853949305,10.009842068952151,0.994959057094313,3.552713678800501e-15,4.263256414560601e-14,1.1155520951433573e-12,2.131628207280301e-14,2.160049916710705e-12,0.0,1.4210854715202004e-14,0.0,5.147673229415275,0.9949590570933752,1.1368683772161605e-13,1.7763568394002505e-14,6.536993168992923e-13,8.171241461241152e-14,1.4921397450962106e-13,0.9949590570978089,0.9949590570934496,0.9949590570933466,3.552713678800501e-15,11.124269424746302,4.973799150320701e-14,10.020311790596878,18.142404381485136,9.04375251516906,14.645884013292571,21.55883337889061,4.929241611256501,0.9949590570933466,3.9125865326752436,5.956452876952091
48,6.202031055208948,5.490155312838127,10.009630722914451,0.99495905709351,3.552713678800501e-15,4.263256414560601e-14,7.318590178329032e-13,1.4210854715202004e-14,5.329070518200751e-13,1.4210854715202004e-14,0.0,0.0,5.146312548499026,0.9949590570933252,5.329070518200752e-14,1.7763568394002505e-14,1.6342482922482304e-13,4.973799150320701e-14,1.0658141036401504e-14,0.994959057099063,0.9949590570933928,0.9949590570935456,0.0,11.123292445662102,2.131628207280301e-14,10.014077676298513,18.142219143150516,9.043506892430486,14.645023383385066,21.55821788884427,4.928409300786527,0.9949590570933252,3.9121829566287913,5.956035364093865
49,6.2018615024676365,5.489728279579197,10.009482973320502,0.994959057094313,0.0,3.1974423109204515e-14,7.318590178329032e-13,0.0,9.237055564881302e-14,3.552713678800501e-15,0.0,1.4210854715202004e-14,5.144058797042376,0.9949590570933076,5.684341886080803e-14,4.263256414560601e-14,1.6342482922482304e-13,1.0658141036401504e-14,7.105427357601002e-15,0.9949590571049072,0.9949590570933003,0.994959057093304,3.552713678800501e-15,11.122805673637616,1.4210854715202004e-14,10.005231764325316,18.14209522824973,9.043384534210915,14.644572468552312,21.557624620088788,4.927993451606525,0.9949590570933003,3.911730147695523,5.955585861829461
50,6.201707154971643,5.489298214304085,10.009333668935994,0.9949590570937764,0.0,2.8421709430404014e-14,1.0658141036401504e-14,0.0,8.881784197001252e-14,0.0,0.0,0.0,5.142957633084549,0.994959057093304,0.0,7.105427357601002e-15,1.2789769243681806e-13,1.0658141036401504e-14,4.973799150320701e-14,0.9949590570961462,0.9949590570932898,0.9949590570932968,0.0,11.12171455492286,1.0658141036401504e-14,9.995364020639812,18.1419794069283,9.043305764229444,14.644059119740817,21.55723680714648,4.927687027198502,0.9949590570932898,3.9112722147604075,5.955104688629491
51,6.201626062593874,5.489035869700601,10.009259547447629,0.994959057093432,0.0,2.4868995751603507e-14,2.3092638912203256e-13,0.0,9.237055564881302e-14,0.0,0.0,7.105427357601002e-15,5.142413480135417,0.9949590570932934,3.552713678800501e-15,0.0,7.105427357601002e-15,1.4210854715202004e-14,2.131628207280301e-14,0.9949590570936452,0.9949590570932934,0.9949590570932968,0.0,11.120873192936289,0.0,9.989612776883106,18.14187599153477,9.043218051240046,14.643662813013265,21.556839001530435,4.927373650207542,0.9949590570932934,3.9109866362158177,5.954789672786716
52,6.201530407915556,5.4888202296614,10.009178087520697,0.9949590570932968,0.0,3.552713678800501e-15,7.105427357601002e-15,0.0,4.973799150320701e-14,0.0,0.0,0.0,5.141634837822181,0.9949590570932898,0.0,7.105427357601002e-15,7.105427357601002e-15,0.0,3.552713678800501e-15,0.9949590570936452,0.9949590570932968,0.9949590570932968,0.0,11.120443320905864,0.0,9.986740788702534,18.14181795245335,9.04314481973691,14.64331417217771,21.556640172418284,4.926752784658973,0.9949590570932898,3.9108004148206565,5.954612496394091
53,6.201463988434085,5.488623582268943,10.00911316149238,0.9949590570932968,0.0,7.105427357601002e-15,2.131628207280301e-14,0.0,7.105427357601002e-15,0.0,0.0,0.0,5.140755792182091,0.9949590570932898,0.0,3.552713678800501e-15,1.4210854715202004e-14,0.0,3.552713678800501e-15,0.9949590570932968,0.9949590570932898,0.9949590570932968,0.0,11.11980625333794,0.0,9.981622791401804,18.141742664712385,9.043062636873389,14.64301270942842,21.55654077628637,4.926412577319908,0.9949590570932898,3.910546845780782,5.954363689997872
54,6.201418766471576,5.488525524651507,10.009080835087673,0.9949590570932968,0.0,0.0,1.0658141036401504e-14,0.0,0.0,0.0,0.0,0.0,5.139896449686702,0.9949590570932898,0.0,0.0,7.105427357601002e-15,0.0,0.0,0.9949590570933076,0.9949590570932898,0.9949590570932898,0.0,11.118819644322272,0.0,9.978749710190613,18.14169986560192,9.043009655911971,14.642832325495476,21.55638868965484,4.92624252558258,0.9949590570932898,3.9103696541330204,5.954186019514026
55,6.20138519896679,5.488456573921042,10.009046943215935,0.9949590570933182,0.0,0.0,2.8421709430404014e-14,0.0,3.552713678800501e-15,0.0,0.0,0.0,5.139369331536585,0.9949590570932898,0.0,0.0,0.0,0.0,0.0,0.9949590570933536,0.9949590570932898,0.9949590570932898,0.0,11.118104532094662,0.0,9.976139318472946,18.14167133215888,9.042983187485476,14.642566819548447,21.55617230072825,4.926133445892646,0.9949590570932898,3.910220137725427,5.95402168822541
56,6.201340530740481,5.488320359703138,10.009024293641986,0.9949590570932898,0.0,0.0,7.105427357601002e-15,0.0,3.552713678800501e-15,0.0,0.0,0.0,5.1390300058426845,0.9949590570932898,0.0,0.0,0.0,0.0,0.0,0.9949590570932968,0.9949590570932898,0.9949590570932898,0.0,11.117747990262233,0.0,9.973925691856492,18.141602041054185,9.042943399156314,14.642423628381351,21.556064128933656,4.925930738262323,0.9949590570932898,3.9101015513968167,5.953900146899715
57,6.201314864022635,5.488252385666939,10.00898571540425,0.9949590570932898,0.0,0.0,0.0,0.0,3.552713678800501e-15,0.0,0.0,0.0,5.138513783304688,0.9949590570932898,0.0,0.0,0.0,0.0,0.0,0.9949590570932968,0.9949590570932898,0.9949590570932898,0.0,11.117419144024268,0.0,9.971941049151994,18.14156705438249,9.04290996492506,14.642306965238276,21.556010048703584,4.925787034498697,0.9949590570932898,3.909993654670624,5.953796794290885
58,6.201290545924849,5.48820480941491,10.008945032022863,0.9949590570932934,0.0,0.0,0.0,0.0,0.0,0.0,0.0,0.0,5.138215797266355,0.9949590570932898,0.0,0.0,0.0,0.0,0.0,0.9949590570932898,0.9949590570932898,0.9949590570932898,0.0,11.116979593976438,0.0,9.970538052338055,18.14154957397446,9.042887244483609,14.642168621183773,21.55593162165718,4.925634867339198,0.9949590570932898,3.909907775646714,5.95370830365811
59,6.201268234620741,5.488145719777151,10.008924776061464,0.9949590570932898,0.0,0.0,0.0,0.0,0.0,0.0,0.0,0.0,5.138036005080295,0.9949590570932898,0.0,0.0,0.0,0.0,0.0,0.9949590570932968,0.9949590570932898,0.9949590570932898,0.0,11.116760196522849,0.0,9.969615514411274,18.14153679756465,9.042853883900392,14.642075471766702,21.55586770054657,4.925518158518514,0.9949590570932898,3.9098515401366796,5.9536508603105105
60,6.201248421475,5.488096708242708,10.008914669513004,0.9949590570932898,0.0,0.0,0.0,0.0,0.0,0.0,0.0,0.0,5.137650513535931,0.9949590570932898,0.0,0.0,0.0,0.0,0.0,0.9949590570933003,0.9949590570932898,0.9949590570932898,0.0,11.116498117538526,0.0,9.968825711660685,18.14151424890697,9.042837209749509,14.642018058015084,21.55583389508446,4.925365214707384,0.9949590570932898,3.9097934856095393,5.953599872854496
61,6.201238515896819,5.488072229808594,10.008896237884912,0.9949590570932898,0.0,0.0,0.0,0.0,0.0,0.0,0.0,0.0,5.137458638047775,0.9949590570932898,0.0,0.0,0.0,0.0,0.0,0.9949590570932934,0.9949590570932898,0.9949590570932898,0.0,11.116312950423309,0.0,9.968147619424542,18.14148814436676,9.042824400481948,14.641931533546996,21.55579583526665,4.9252887538519445,0.9949590570932898,3.909750004660216,5.953555265235711
62,6.201232402825326,5.488046530862832,10.008886262425634,0.9949590570932898,0.0,0.0,0.0,0.0,0.0,0.0,0.0,0.0,5.137347602686972,0.9949590570932898,0.0,0.0,0.0,0.0,0.0,0.9949590570932898,0.9949590570932898,0.9949590570932898,0.0,11.116074922655656,0.0,9.967521627493795,18.14147418993053,9.042813568957058,14.641888309578036,21.55574829848898,4.925210211541142,0.9949590570932898,3.909710942352013,5.9535138552745765
63,6.2012195027134,5.488018591994987,10.008875235978977,0.9949590570932898,0.0,0.0,0.0,0.0,0.0,0.0,0.0,0.0,5.137187764944287,0.9949590570932898,0.0,0.0,0.0,0.0,0.0,0.9949590570932898,0.9949590570932898,0.9949590570932898,0.0,11.115941246360164,0.0,9.967208755674818,18.14146721667501,9.04279769845688,14.641852125248334,21.555714684894014,4.925142225441732,0.9949590570932898,3.9096845268983564,5.953489069094434
64,6.201212046546047,5.48800370563778,10.008859993066991,0.9949590570932898,0.0,0.0,0.0,0.0,0.0,0.0,0.0,0.0,5.137044664108487,0.9949590570932898,0.0,0.0,0.0,0.0,0.0,0.9949590570932898,0.9949590570932898,0.9949590570932898,0.0,11.11577047226433,0.0,9.966911370803572,18.141455106735503,9.042789764770577,14.641809313613663,21.55568023077141,4.92509203592472,0.9949590570932898,3.9096588383777267,5.953462906899551
65,6.201208318626485,5.487986584280151,10.008849686818364,0.9949590570932898,0.0,0.0,0.0,0.0,0.0,0.0,0.0,0.0,5.136885416869774,0.9949590570932898,0.0,0.0,0.0,0.0,0.0,0.9949590570932898,0.9949590570932898,0.9949590570932898,0.0,11.115653113324726,0.0,9.96662258495671,18.141446086166525,9.042781228209634,14.641787916051584,21.55564298162893,4.925034482715276,0.9949590570932898,3.9096352801649874,5.953440475322203
66,6.201201125179281,5.487972859006632,10.008844012396594,0.9949590570932898,0.0,0.0,0.0,0.0,0.0,0.0,0.0,0.0,5.1368059674493765,0.9949590570932898,0.0,0.0,0.0,0.0,0.0,0.9949590570932898,0.9949590570932898,0.9949590570932898,0.0,11.115560634420577,0.0,9.966434880252107,18.141437308444694,9.042776116901637,14.641748379952617,21.555624358056235,4.924969324392194,0.9949590570932898,3.909618395223174,5.95342399279635
67,6.201197520381726,5.487959633572899,10.008838449240898,0.9949590570932898,0.0,0.0,0.0,0.0,0.0,0.0,0.0,0.0,5.136674329781215,0.9949590570932898,0.0,0.0,0.0,0.0,0.0,0.9949590570932898,0.9949590570932898,0.9949590570932898,0.0,11.115484813737694,0.0,9.966240716890638,18.14142948426445,9.042771956014292,14.641727838580875,21.55561504651952,4.924912194947979,0.9949590570932898,3.9096015248193106,5.953409869619473
68,6.201193563163315,5.487946566149347,10.008825992244738,0.9949590570932898,0.0,0.0,0.0,0.0,0.0,0.0,0.0,0.0,5.136591787763834,0.9949590570932898,0.0,0.0,0.0,0.0,0.0,0.9949590570932898,0.9949590570932898,0.9949590570932898,0.0,11.115378467354605,0.0,9.966102761974357,18.141419656892975,9.042767053168802,14.64171675393365,21.555594549773133,4.924883631717265,0.9949590570932898,3.9095876151484665,5.953395964519979
69,6.201190035382211,5.487937264011521,10.00881977978912,0.9949590570932898,0.0,0.0,0.0,0.0,0.0,0.0,0.0,0.0,5.136540890598354,0.9949590570932898,0.0,0.0,0.0,0.0,0.0,0.9949590570932898,0.9949590570932898,0.9949590570932898,0.0,11.115294081199508,0.0,9.966028714850664,18.141414745912343,9.04276407356744,14.641689297050275,21.555577080355945,4.924852300535719,0.9949590570932898,3.9095775338296628,5.953385328721806
70,6.201188271558237,5.4879326136687325,10.0088166775719,0.9949590570932898,0.0,0.0,0.0,0.0,0.0,0.0,0.0,0.0,5.136501352165709,0.9949590570932898,0.0,0.0,0.0,0.0,0.0,0.9949590570932898,0.9949590570932898,0.9949590570932898,0.0,11.115223953870624,0.0,9.965839447220418,18.141412291098305,9.042760685730244,14.641675572819691,21.55556834583163,4.9248279580855865,0.9949590570932898,3.9095658856479845,5.953373521063006
71,6.201186598917019,5.487925318266008,10.00881203985719,0.9949590570932898,0.0,0.0,0.0,0.0,0.0,0.0,0.0,0.0,5.136442438724771,0.9949590570932898,0.0,0.0,0.0,0.0,0.0,0.9949590570932898,0.9949590570932898,0.9949590570932898,0.0,11.115188900480248,0.0,9.965740432904964,18.14140827736503,9.04275756206475,14.64166871175722,21.555558011809158,4.92479721873903,0.9949590570932898,3.9095574450436077,5.953366082671794
72,6.201185435912592,5.487916858487537,10.008803799793412,0.9949590570932898,0.0,0.0,0.0,0.0,0.0,0.0,0.0,0.0,5.136404558070822,0.9949590570932898,0.0,0.0,0.0,0.0,0.0,0.9949590570932898,0.9949590570932898,0.9949590570932898,0.0,11.115144772454002,0.0,9.965690929624031,18.141403889927147,9.042755596723254,14.641657900410934,21.55554782644019,4.924777526267292,0.9949590570932898,3.909551109018634,5.953359818414924
73,6.201183514098545,5.4879126292185845,10.008799686968686,0.9949590570932898,0.0,0.0,0.0,0.0,0.0,0.0,0.0,0.0,5.13637987268838,0.9949590570932898,0.0,0.0,0.0,0.0,0.0,0.9949590570932898,0.9949590570932898,0.9949590570932898,0.0,11.115112952890598,0.0,9.965666178952787,18.14139950467117,9.04275246337636,14.64164272295207,21.555542733815628,4.924748387436921,0.9949590570932898,3.9095463204043925,5.9533553030445105
74,6.201182187164164,5.487909343654422,10.008797632358096,0.9949590570932898,0.0,0.0,0.0,0.0,0.0,0.0,0.0,0.0,5.136351514673336,0.9949590570932898,0.0,0.0,0.0,0.0,0.0,0.9949590570932898,0.9949590570932898,0.9949590570932898,0.0,11.115068465012811,0.0,9.965606366143575,18.141397312571257,9.04275064080356,14.641630903889208,21.55553913583572,4.924733690102869,0.9949590570932898,3.9095407250863055,5.953349792719849
75,6.201181523703767,5.4879049206050325,10.00879346139125,0.9949590570932898,0.0,0.0,0.0,0.0,0.0,0.0,0.0,0.0,5.136333790195621,0.9949590570932898,0.0,0.0,0.0,0.0,0.0,0.9949590570932898,0.9949590570932898,0.9949590570932898,0.0,11.11502668673242,0.0,9.965555014753988,18.14139611325362,9.042749729537531,14.64162499509588,21.55553326046801,4.924726341533727,0.9949590570932898,3.90953616524959,5.953344955090073
76,6.201181035737761,5.487902703694317,10.008790933017991,0.9949590570932898,0.0,0.0,0.0,0.0,0.0,0.0,0.0,0.0,5.136310771803153,0.9949590570932898,0.0,0.0,0.0,0.0,0.0,0.9949590570932898,0.9949590570932898,0.9949590570932898,0.0,11.114999525627852,0.0,9.965523352159876,18.141393792167747,9.042748410146515,14.641618010721132,21.55552748248843,4.9247161646025575,0.9949590570932898,3.909532498955928,5.953341244079803
77,6.201180452685705,5.487899316107303,10.008788326851842,0.9949590570932898,0.0,0.0,0.0,0.0,0.0,0.0,0.0,0.0,5.136299266376639,0.9949590570932898,0.0,0.0,0.0,0.0,0.0,0.9949590570932898,0.9949590570932898,0.9949590570932898,0.0,11.114983197603948,0.0,9.965502919536902,18.141391138283552,9.042746822323837,14.641613081815748,21.55552345110334,4.924702651097135,0.9949590570932898,3.9095298680404,5.9533386586517265
78,6.201180091493754,5.487897622412291,10.008786329060952,0.9949590570932898,0.0,0.0,0.0,0.0,0.0,0.0,0.0,0.0,5.136288612601646,0.9949590570932898,0.0,0.0,0.0,0.0,0.0,0.9949590570932898,0.9949590570932898,0.9949590570932898,0.0,11.114961412890937,0.0,9.96547936380945,18.14138969041616,9.042746028428894,14.641609041370842,21.555521435420403,4.924692594845467,0.9949590570932898,3.90952733897475,5.953336182741606
79,6.20117976868346,5.4878957059106455,10.00878490809194,0.9949590570932898,0.0,0.0,0.0,0.0,0.0,0.0,0.0,0.0,5.136277911106205,0.9949590570932898,0.0,0.0,0.0,0.0,0.0,0.9949590570932898,0.9949590570932898,0.9949590570932898,0.0,11.114944563632648,0.0,9.96546415302275,18.1413884494188,9.042745583949795,14.641605764807352,21.55551842003976,4.924687566765982,0.9949590570932898,3.90952542196438,5.953334209041965
80,6.201179563941054,5.48789436625411,10.008782876110118,0.9949590570932898,0.0,0.0,0.0,0.0,0.0,0.0,0.0,0.0,5.136271076893891,0.9949590570932898,0.0,0.0,0.0,0.0,0.0,0.9949590570932898,0.9949590570932898,0.9949590570932898,0.0,11.114923491882962,0.0,9.965446364857996,18.1413877288482,9.04274492887734,14.64160394524933,21.555516735511038,4.924682612301837,0.9949590570932898,3.909523515361107,5.953332244788261
81,6.201179385542389,5.487892896089406,10.00878178960356,0.9949590570932898,0.0,0.0,0.0,0.0,0.0,0.0,0.0,0.0,5.136264523518847,0.9949590570932898,0.0,0.0,0.0,0.0,0.0,0.9949590570932898,0.9949590570932898,0.9949590570932898,0.0,11.11491008904686,0.0,9.965436717780335,18.1413870181042,9.042744569988514,14.641600769437376,21.555513975638803,4.924674463688774,0.9949590570932898,3.909521983351791,5.953330702775093
82,6.201179127612903,5.487891560016266,10.008780690205173,0.9949590570932898,0.0,0.0,0.0,0.0,0.0,0.0,0.0,0.0,5.1362556145816,0.9949590570932898,0.0,0.0,0.0,0.0,0.0,0.9949590570932898,0.9949590570932898,0.9949590570932898,0.0,11.11489949581606,0.0,9.965429610632016,18.14138638857105,9.042743666630289,14.6415983960337,21.55551259570734,4.9246671666380735,0.9949590570932898,3.909520632190675,5.953329524001246
83,6.2011789732585925,5.487890167972466,10.008780061528,0.9949590570932898,0.0,0.0,0.0,0.0,0.0,0.0,0.0,0.0,5.136251160672941,0.9949590570932898,0.0,0.0,0.0,0.0,0.0,0.9949590570932898,0.9949590570932898,0.9949590570932898,0.0,11.114891047183022,0.0,9.965422618692685,18.141385827831613,9.042743214956587,14.641595546432171,21.55551133256756,4.924663518137109,0.9949590570932898,3.909519637248361,5.953328505291799
84,6.201178896081487,5.48788892450645,10.008779285188709,0.9949590570932898,0.0,0.0,0.0,0.0,0.0,0.0,0.0,0.0,5.136245921188063,0.9949590570932898,0.0,0.0,0.0,0.0,0.0,0.9949590570932898,0.9949590570932898,0.9949590570932898,0.0,11.114885274894917,0.0,9.965417138583163,18.14138536134844,9.042742989121097,14.641590378247544,21.555509656606446,4.924658734152317,0.9949590570932898,3.9095186401737125,5.953327465120354
85,6.2011787424774525,5.48788830278869,10.008778811207918,0.9949590570932898,0.0,0.0,0.0,0.0,0.0,0.0,0.0,0.0,5.1362428003807,0.9949590570932898,0.0,0.0,0.0,0.0,0.0,0.9949590570932898,0.9949590570932898,0.9949590570932898,0.0,11.1148778769587,0.0,9.965413337745389,18.14138506863746,9.04274275201493,14.641587794296951,21.555508522787164,4.924655714892083,0.9949590570932898,3.909517903537222,5.953326678101975
86,6.201178651090913,5.487887555251746,10.008778043565073,0.9949590570932898,0.0,0.0,0.0,0.0,0.0,0.0,0.0,0.0,5.136240443600968,0.9949590570932898,0.0,0.0,0.0,0.0,0.0,0.9949590570932898,0.9949590570932898,0.9949590570932898,0.0,11.114869443179629,0.0,9.965409916313718,18.1413845980003,9.042742528258756,14.641586502357072,21.5555078749435,4.924653581848048,0.9949590570932898,3.9095172394798765,5.953325973959496
87,6.201178576565127,5.4878871204576285,10.008777483315145,0.9949590570932898,0.0,0.0,0.0,0.0,0.0,0.0,0.0,0.0,5.136238595800435,0.9949590570932898,0.0,0.0,0.0,0.0,0.0,0.9949590570932898,0.9949590570932898,0.9949590570932898,0.0,11.114863128311498,0.0,9.965406314958486,18.14138420685046,9.0427422564495,14.6415845877695,21.555507185097326,4.924649610010917,0.9949590570932898,3.9095165919694344,5.953325315696301
88,6.201178506568922,5.487886627161885,10.008777203225051,0.9949590570932898,0.0,0.0,0.0,0.0,0.0,0.0,0.0,0.0,5.136236279357675,0.9949590570932898,0.0,0.0,0.0,0.0,0.0,0.9949590570932898,0.9949590570932898,0.9949590570932898,0.0,11.114859540562236,0.0,9.965401088777142,18.141384011279897,9.042742019209058,14.641583326106243,21.55550653043659,4.924647624099592,0.9949590570932898,3.9095160658790564,5.953324788827605
89,6.201178468529761,5.487886073110886,10.008776545271305,0.9949590570932898,0.0,0.0,0.0,0.0,0.0,0.0,0.0,0.0,5.136234491860279,0.9949590570932898,0.0,0.0,0.0,0.0,0.0,0.9949590570932898,0.9949590570932898,0.9949590570932898,0.0,11.114854664301376,0.0,9.965397556772004,18.141383713080373,9.04274190058922,14.641581508688631,21.55550605180342,4.924645622097927,0.9949590570932898,3.909515544566827,5.953324237159758
90,6.20117842116214,5.487885529489873,10.008776187585752,0.9949590570932898,0.0,0.0,0.0,0.0,0.0,0.0,0.0,0.0,5.1362331689797145,0.9949590570932898,0.0,0.0,0.0,0.0,0.0,0.9949590570932898,0.9949590570932898,0.9949590570932898,0.0,11.11485222622042,0.0,9.96539579077148,18.141383493756805,9.042741799803975,14.641580572706488,21.55550564061249,4.924643303544755,0.9949590570932898,3.909515207100011,5.953323921783266
91,6.201178389153242,5.4878852576824215,10.008775999078525,0.9949590570932898,0.0,0.0,0.0,0.0,0.0,0.0,0.0,0.0,5.136231978278701,0.9949590570932898,0.0,0.0,0.0,0.0,0.0,0.9949590570932898,0.9949590570932898,0.9949590570932898,0.0,11.114850223828014,0.0,9.965393397581806,18.14138338409641,9.042741690378564,14.64157958013459,21.55550522716128,4.92464172701284,0.9949590570932898,3.9095149077371887,5.953323621086173
92,6.201178363085404,5.487885039307983,10.008775735356435,0.9949590570932898,0.0,0.0,0.0,0.0,0.0,0.0,0.0,0.0,5.136231325164857,0.9949590570932898,0.0,0.0,0.0,0.0,0.0,0.9949590570932898,0.9949590570932898,0.9949590570932898,0.0,11.11484691905929,0.0,9.965390887153731,18.141383272442766,9.042741555112755,14.641578293661835,21.55550502043576,4.924640938748041,0.9949590570932898,3.9095146011288806,5.953323271886937
93,6.201178350051521,5.487884784053364,10.008775471625173,0.9949590570932898,0.0,0.0,0.0,0.0,0.0,0.0,0.0,0.0,5.136230542886352,0.9949590570932898,0.0,0.0,0.0,0.0,0.0,0.9949590570932898,0.9949590570932898,0.9949590570932898,0.0,11.11484374725596,0.0,9.965389246626671,18.141383170853373,9.042741442200793,14.641577650434217,21.55550482774599,4.924639753492272,0.9949590570932898,3.909514331377166,5.9533229957295175
94,6.201178331586874,5.487884576588627,10.00877531386142,0.9949590570932898,0.0,0.0,0.0,0.0,0.0,0.0,0.0,0.0,5.136229735087213,0.9949590570932898,0.0,0.0,0.0,0.0,0.0,0.9949590570932898,0.9949590570932898,0.9949590570932898,0.0,11.114842161375236,0.0,9.96538714467924,18.14138309390016,9.04274138574489,14.64157669941838,21.55550471474781,4.924638750727993,0.9949590570932898,3.909514103005945,5.953322765706041
95,6.201178312587615,5.487884314504683,10.008775204022854,0.9949590570932898,0.0,0.0,0.0,0.0,0.0,0.0,0.0,0.0,5.136229331192666,0.9949590570932898,0.0,0.0,0.0,0.0,0.0,0.9949590570932898,0.9949590570932898,0.9949590570932898,0.0,11.114841060538737,0.0,9.965386093706227,18.14138300584064,9.042741346997246,14.641575888606866,21.5555045781673,4.924638199379601,0.9949590570932898,3.9095139555164797,5.9533226030928335
96,6.201178303087957,5.487884178712264,10.008774972002428,0.9949590570932898,0.0,0.0,0.0,0.0,0.0,0.0,0.0,0.0,5.1362288645619,0.9949590570932898,0.0,0.0,0.0,0.0,0.0,0.9949590570932898,0.9949590570932898,0.9949590570932898,0.0,11.114839170376186,0.0,9.96538541271444,18.141382928569243,9.04274129308331,14.641575483204576,21.555504499860632,4.924637578598095,0.9949590570932898,3.9095138054915317,5.95332244796291
97,6.201178289462035,5.487884021204451,10.00877476761633,0.9949590570932898,0.0,0.0,0.0,0.0,0.0,0.0,0.0,0.0,5.136228430712606,0.9949590570932898,0.0,0.0,0.0,0.0,0.0,0.9949590570932898,0.9949590570932898,0.9949590570932898,0.0,11.114838024533142,0.0,9.96538432554624,18.141382883107298,9.04274125391666,14.641575127267885,21.55550445263482,4.92463715221696,0.9949590570932898,3.909513677860802,5.9533223201198
98,6.201178281660262,5.487883899368768,10.00877466542795,0.9949590570932898,0.0,0.0,0.0,0.0,0.0,0.0,0.0,0.0,5.136228020042694,0.9949590570932898,0.0,0.0,0.0,0.0,0.0,0.9949590570932898,0.9949590570932898,0.9949590570932898,0.0,11.114836022299244,0.0,9.96538378196236,18.14138285037853,9.042741212780411,14.641574780731062,21.555504378796968,4.924636690825977,0.9949590570932898,3.909513544185183,5.953322178892416
99,6.201178277041151,5.487883813540492,10.008774614334923,0.9949590570932898,0.0,0.0,0.0,0.0,0.0,0.0,0.0,0.0,5.136227810218514,0.9949590570932898,0.0,0.0,0.0,0.0,0.0,0.9949590570932898,0.9949590570932898,0.9949590570932898,0.0,11.114835021190656,0.0,9.965383317220017,18.14138280807019,9.042741190789386,14.641574329612496,21.55550434187805,4.924636302860193,0.9949590570932898,3.909513455232984,5.953322081778263
