iteration,rosenbrock_seed0.csv,rosenbrock_seed1.csv,rosenbrock_seed10.csv,rosenbrock_seed11.csv,rosenbrock_seed12.csv,rosenbrock_seed13.csv,rosenbrock_seed14.csv,rosenbrock_seed15.csv,rosenbrock_seed16.csv,rosenbrock_seed17.csv,rosenbrock_seed18.csv,rosenbrock_seed19.csv,rosenbrock_seed2.csv,rosenbrock_seed20.csv,rosenbrock_seed21.csv,rosenbrock_seed22.csv,rosenbrock_seed23.csv,rosenbrock_seed24.csv,rosenbrock_seed25.csv,rosenbrock_seed26.csv,rosenbrock_seed27.csv,rosenbrock_seed28.csv,rosenbrock_seed29.csv,rosenbrock_seed3.csv,rosenbrock_seed30.csv,rosenbrock_seed4.csv,rosenbrock_seed5.csv,rosenbrock_seed6.csv,rosenbrock_seed7.csv,rosenbrock_seed8.csv,rosenbrock_seed9.csv,中央値,平均値,標準偏差
0,2.1357202053867983,9.596821721976116,0.048439671252305,2.7517370660368417,12.090914530248993,14.314609618905155,4.566903760868184,8.882954516713749,0.6949656068820151,1.7922342464993986,14.701525427526446,0.0164326844859336,3.20586316319596,3.660690557852504,0.7598790318358393,5.375591780775416,2.4487994364939145,14.542986176836912,0.1100307493590388,5.356209899719751,4.35675506630826,8.684428523740145,2.173578618914044,8.223424092723153,5.262697392645165,13.808370108998842,0.7260555834790271,10.410514116704084,0.5547874384185109,1.3440267761735518,7.140023944000651,4.35675506630826,5.475418435966345,4.802797556883993
1,1.2430265918179892,0.9381633879809168,0.048439671252305,2.7517370660368417,4.813908482681093,0.1909185732835653,0.6348644822607252,0.9178830901288364,3.6091052342269463,0.6932345050361302,3.116059041995301,0.0164326844859336,0.974171598476033,1.551717948960376,0.4087558036761833,2.831442711448071,2.4487994364939145,4.609976075139035,0.1100307493590388,0.2407324399013744,3.049530384068448,6.7623372658727,1.460429555292977,3.976588024976001,5.262697392645165,6.942817422830258,3.601375293966322,2.2767385855790767,3.5172938634828435,1.7384419681870726,0.552407978336498,1.7384419681870726,2.2996792680605798,1.9605506189351876
2,0.0890629367787467,0.1632304930900771,0.048439671252305,2.7517370660368417,1.7668339294053967,0.6735938462106379,0.1157172365977198,1.0484596472172776,0.1606841607589905,0.6398668635618916,2.807551515376265,0.0164326844859336,4.403885523308557,2.548505497702468,0.4955864449646507,2.463316637031453,1.586874223525641,1.669433070429866,0.0587087929429615,0.4704268930520798,0.3237650101547418,2.3608232290769644,1.052865458458539,1.7706747870548336,1.5857683292665143,4.680273337590984,1.3265111014738844,0.4341012405945347,6.382848354467186,0.616766813347504,0.6910086536920397,1.0484596472172776,1.4581855951260478,1.531018029355213
3,0.0060214699419365,0.4058383112901321,0.048439671252305,2.296933178986208,0.7647179838774267,0.3430582337281943,0.1541760569555541,0.2057217505448677,0.0830292293348956,0.0689363718053879,10.014344788055876,0.0164326844859336,0.1273532280940194,1.6350230633462854,0.0813827940361961,1.603651953055194,1.7881423443015658,1.0440429944684777,0.0651801184669369,0.4616598659548187,0.9111771635782052,0.7975571989572388,0.207084761201835,0.0091397754387244,0.6893973204434996,5.740625390122904,2.499217786339795,0.6339296046255193,0.2635248958708467,0.41924561589241,0.0036553853564468,0.4058383112901321,1.0770529351551497,2.017874178598017
4,0.0045085270791952,0.0554030593416595,0.048439671252305,2.4551795389922217,1.0006220435436346,0.2848320798463875,0.0846693772963887,0.0504653330793524,0.0350771509425812,0.0447732892628138,1.3195724350145168,0.0164326844859336,0.1370277631224928,1.1925405472059425,0.1518103314568458,0.4436170225126905,0.7250555181043502,2.216283362486259,0.0506372629624308,0.2253111335229612,0.8735667634680584,3.1166263024749936,0.1131719071740816,0.4305156868961082,0.7828787139092459,0.4134468363131613,0.1875468068819912,0.0422144720191619,0.510802081737727,0.41924561589241,0.0836600840571769,0.2253111335229612,0.5650301097527445,0.775972628091892
5,0.0283352340952409,0.0019014091888688,0.0030439470234631,2.225885206638252,0.2117945713733602,0.3125063486301938,0.1022949059770794,0.0104373239060934,0.0179752261650572,0.0314113293996908,0.6085224130101312,0.0037326597324129,0.0883053411912349,1.2841035178134608,0.0340965528612175,0.1850433288269436,1.3536004226964478,0.6697318048113354,0.0018146963843751,0.4621975821773481,0.3693060648365298,0.3367520944992991,0.3062671449058327,0.4123361838375995,0.2139169717002489,1.9586846542850376,0.0374350121277994,0.0363896459201563,0.4863771091750455,0.4022673932294895,0.0076900652953721,0.2117945713733602,0.3936824568295038,0.5674223075739874
6,0.0138258563395788,0.086841695219067,0.0187130871701204,2.0910256436512094,0.4223769599609669,0.1277539670396084,0.0914792122249494,0.0484288908848195,0.028824444599435,0.0191255329247065,0.4458131503626622,0.0053923635228676,0.0854205481143366,1.4583221583268275,0.0130014958234305,0.2265824781431535,1.0488836775943104,0.3474824859337744,0.0557945698253817,0.0934768965657416,0.3693060648365298,0.0917055125546795,0.0922374407420659,0.0380830840494476,0.652879922894926,0.1416256236309511,0.0276964929314716,0.2444608120865725,0.3669271551491189,0.2977328616723926,0.0232694049179554,0.0922374407420659,0.2927254674094535,0.46307756663204636
7,0.0016542841854978,0.0315357971314298,0.0118511361593777,1.8818117703674904,0.1318786481272206,0.1101743696792863,0.0998402235575438,0.0108917107641999,0.0781215207753457,0.0185298934564889,0.5857467088213909,0.0148335498268327,0.0292387748702849,0.6059900074114231,0.0069361056562293,0.0206951397483796,0.0451697678034855,0.6495759638149432,0.0203035141280832,0.2035661419090418,0.3093230494976807,0.0125519826291802,0.0922374407420659,0.1071254685631882,0.5237432524284831,0.2839641959031026,0.0547826095774447,0.1387700929946271,0.0671519183089868,0.2827597854208741,0.0304411421422805,0.0781215207753457,0.20842567633554482,0.3650508894594537
8,0.0019384190642342,0.0639252537476672,0.0102601317634529,2.040851638965381,0.2667537550286001,0.0697294096570276,0.0294434384478503,0.0004793661923904,0.028824444599435,0.0005692486459385,0.4759568731657975,1.6791071925133847e-05,0.0220055509246752,0.7948117890690835,0.0069321254834223,0.0073927776365274,0.0966969980394737,0.2428734475528556,0.0002956403099223,0.2052313165682231,0.0855919667707089,0.0666289263760699,0.0485803515327778,0.0039047235905967,0.3962547455801908,0.078604572811874,0.0053604570709136,0.0104759051395504,0.140869560606412,0.4314150746942908,0.0022360670561471,0.0485803515327778,0.18177131506978758,0.39053267761731597
9,0.0014663253984085,0.013345582549315,0.0102999113351457,1.3336175456564892,0.0517549196901228,0.055456385802777,0.0268366964447962,0.0146786109548179,0.0311198195702838,0.0012705606688056,0.2357009003081807,0.0003739843589645,0.0206897040879079,0.8094952521178584,0.0011743254255428,0.0113068887964394,0.2426735431171633,0.0070192176409661,0.0007244331717358,0.1419217204224998,0.3760972993549701,0.0057696543771375,0.0048387713484589,0.0210709427849456,0.4873725327036678,0.0053012786212131,0.0044832062360274,0.0102898623161339,0.1683664583753284,0.3527465623865888,0.0037972902831329,0.0146786109548179,0.1435825866550266,0.2869548022401119
10,0.0015515779407728,0.0300501438606201,0.0102999113351457,1.445955453368472,0.0917403109684697,0.0513962358849212,0.034768911429034,0.0035200032898836,0.0100126422841272,0.002103126897383,0.0334646346602382,0.0004246678133343,0.0124499302620959,0.484413453838753,0.0035435344501099,0.011610802572464,0.1955334968987642,0.1457211337598078,0.0100614367885631,0.0890421771639448,0.209386463425383,0.0152976584649151,0.0033748263612084,0.0001908254594686,0.3022818563658982,0.0077427046359071,0.0381838831005281,0.0008162388571814,0.0994264390291864,0.186531600468396,0.004412948097441,0.0152976584649151,0.11404222676556187,0.269954609785621
11,0.0002020661875789,0.0019014091888688,0.0102999113351457,1.613002776939089,0.0180002825940044,0.0285156223996479,0.0016443641870006,0.0057586413684434,0.0237228653471483,0.0016442442349559,0.2907824058612562,0.003855826838805,0.002427206500768,0.5433083545666411,0.0030286895715557,0.0066879673663448,0.0263965439467505,0.0447581757988375,9.864183373835504e-05,0.0519898202685455,0.1992028734305689,0.0034612189274697,0.0121416947592595,0.0010274165487257,0.4134501346079544,0.0030444469847991,7.904935524024054e-05,0.0118859979186066,0.0671519183089868,0.2057322056476725,0.0013370413717937,0.0102999113351457,0.11601741336116782,0.3071021396583823
12,2.1303366445926143e-05,0.0024635367389958,0.0042692717918785,1.40197701265716,0.0709170389666882,0.0425992782669963,0.0028531834325315,0.0027103656504902,0.000202978943739,0.0003002814020166,0.1179596514224182,6.042973748871962e-05,0.0017534154025899,0.627269088494725,0.0013720644338066,0.0016765228686555,0.010862408092741,0.0477017703312669,0.0015897965760402,0.0660275988291636,0.158639947977897,8.42965311576022e-05,0.0069946162203622,0.0084078556157126,0.3429842373252728,0.0025831857504276,0.000680976525983,0.0069914651466554,0.0633012348012738,0.2408142875284756,0.0002760804334138,0.0042692717918785,0.10439823165362803,0.27408503280330043
13,2.1303366445926143e-05,0.0009357813606392,0.0052439017584794,1.3336175456564892,0.0210418287666928,0.0363311804811058,0.0005774136245493,0.0023539245214151,0.0038892648198187,0.0001169589581549,0.1518528614285149,0.0002916712693892,0.0009697783836754,0.4832744036020496,0.0011743254255428,0.0014491011568573,0.0261006570422617,0.0236684871742621,0.0002882395125705,0.0162283803256228,0.1359546627775241,8.42965311576022e-05,0.000421530749983,0.0029212863696543,0.2436455214586864,0.0025831857504276,0.0018519807819717,0.0007224676705072,0.0720811213406225,0.2121530356058672,0.0001403547104106,0.0025831857504276,0.08974149846391448,0.2527767018334594
14,2.1303366445926143e-05,0.0008490273890771,0.0025850549335949,1.4203023230702163,0.0253850243304753,0.0290928517442993,0.0021494816699671,0.0009588575791901,0.0012023654066101,0.0003245236065389,0.0881382483608279,2.4294429822519524e-05,0.0106502006334994,0.4501749919823034,0.0005805935684871,0.0004601342146552,0.0152462474582994,0.0219802234705469,9.864183373835504e-05,0.0235376918901407,0.0855919667707089,8.42965311576022e-05,0.001666567014963,0.0006186191577321,0.2139169717002489,0.0025831857504276,6.97572142803123e-05,0.0001348894411304,0.0539659164566801,0.1859752991522827,0.0001403547104106,0.0021494816699671,0.08511322273673413,0.2643606644635748
15,1.7814320598137977e-07,0.0017246347994722,0.0020049114458355,1.355404686712388,0.0180819504807877,0.0212883750689555,0.0022633965045325,0.0010256502680378,0.0002321517330545,0.000996606132039,0.0334646346602382,0.0001167423084429,7.228312486822963e-05,0.417008741977504,0.0001088332000098,0.0001678747309998,0.013721986153595,0.0064143444869019,0.0004217350973406,0.0005276148893892,0.0664512819098564,0.0003965753183711,0.0024901374711946,0.0026884400925802,0.2139169717002489,0.0043920666573168,0.0005776111677801,0.0020747012889859,0.0367785803654313,0.113458989304263,7.804215508036777e-05,0.0020747012889859,0.07478550739834539,0.2519406472142115
16,7.485367913596636e-05,0.0002867096991018,0.0006420630755042,1.3206846371977248,0.0166163676988156,0.0179240250795646,0.000775947596336,0.0019778211127052,0.0001995276788551,0.0003900167676031,0.0861845101651606,1.8397933243274685e-05,0.0003491010557159,0.4007476102239221,6.92278764275492e-05,0.0008917538204543,0.0064975261010329,0.0114429459611879,2.326863826982394e-05,0.0073640065856814,0.0492783495412844,0.0004995755981886,0.0007944665988988,0.0016001816840304,0.2139169717002489,0.0018815355103277,0.0004719584594879,0.0017837618850312,0.030599745576418,0.1484047064183067,8.60064401613278e-05,0.0016001816840304,0.07491863152770406,0.24564390878391154
17,9.070436838318048e-06,0.000154300653122,0.0008038893607024,1.3047801350534785,0.0153937627925228,0.0164047108818355,0.0005000826538733,0.0007963190232003,5.2092990088891056e-05,0.0001169589581549,0.0601142869362407,8.478565806492337e-06,0.0002793295472693,0.30489433148283,1.996781032407594e-05,0.0001937510812231,0.0064975261010329,0.0004530348796546,0.0001300137324706,0.0088631014345792,0.0337233970156045,0.0002004030609893,0.0008937811297561,0.0006860832012269,0.1691800623193149,0.0021808432814419,0.0003795326098179,0.000407075372186,0.0282025502807961,0.1346486180138689,4.910043504897048e-06,0.0006860832012269,0.06745072260334695,0.2385587151245982
18,1.0415020209074444e-05,0.0001151622003939,0.0002673666173853,1.3029212314158245,0.0135799450461184,0.0155831566961775,0.000396980157273,0.0008163763596137,8.225249137979548e-05,1.9527443227548066e-05,0.0614444757728477,1.2265493736327348e-06,3.0754905480814064e-05,0.3882003753379139,3.216570937620792e-05,1.5250495697464368e-05,0.0064975261010329,0.0048125819057532,0.0002157029767125,0.0120194856653701,0.0264434984049767,0.0004995755981886,0.000104008556297,0.0004784248768651,0.1980020003198515,0.0009173417591308,6.97572142803123e-05,0.0005679600833996,0.0263429927629901,0.1226367584384646,0.0001105662699807,0.0004995755981886,0.07042693042424471,0.24184000718115586
19,7.750184720068298e-06,5.475318575547847e-05,0.0002673666173853,1.2911773551300725,0.0128712970496389,0.0152474013302435,0.0001174676351152,0.0008689148775414,0.0001503323101812,8.268128746729583e-05,0.0564472485702742,3.245260180285258e-07,0.0003210535051484,0.3400931443393573,2.748924427542041e-05,1.502242857570312e-05,0.0079246674965222,0.0057929157426311,0.0001045980186827,0.0009409592738777,0.0231732648028328,4.4546983754740216e-05,0.0004519116896284,7.98106179934577e-05,0.1887409678010244,0.0018934628550914,0.0002118764501567,0.00042582354111,0.0263429927629901,0.1142220203744837,5.640882122946583e-05,0.00042582354111,0.06735986546625092,0.23774859928242212
20,1.0415020209074444e-05,6.745566324669357e-05,0.0001412077371225,1.240883111131207,0.0099239774622366,0.0118436061071144,0.0001200118246418,0.0004004583365926,3.042356768025153e-05,1.5215562227713417e-05,0.0517869359191037,1.7794657667231366e-07,0.0001101375517634,0.3333038999871938,1.428538185812593e-05,6.851872652602457e-05,0.0016864242455854,0.0008931634431924,9.864183373835504e-05,0.0058746476807921,0.021670826787482,5.499224916886492e-05,0.0001526195649493,6.173601996796296e-06,0.1682061535237915,0.0007240792640706,6.107694689118563e-06,1.1408086421320627e-05,0.0209692083645439,0.1131619616666036,1.644895921500681e-05,0.0001412077371225,0.06394363531908195,0.22869905906941937
21,5.126014363852458e-06,3.0819541763448327e-06,6.602499698939122e-05,1.260854210373916,0.009048933853618,0.0110385564310117,3.079044187173801e-05,0.0003450601796884,3.800439841675956e-05,4.61368202570774e-05,0.0447019010940192,5.955181541105627e-07,4.551111386700968e-07,0.3165751616099084,8.777946496497427e-06,7.556783575708123e-07,0.002945610653906,0.0018191261286747,1.4763326280627852e-05,0.0005276148893892,0.0185068706279445,1.1570293641311078e-05,0.0001609240656594,9.189871558883484e-06,0.168011994264747,0.0005172535595841,0.0001078100526129,5.073959416260973e-06,0.0199730184438773,0.1089311554435061,1.5184810632744892e-05,0.0001078100526129,0.0633651849294779,0.23155659997624312
22,2.052420291789695e-06,1.846694920791769e-05,6.602499698939122e-05,1.2317937317132277,0.009048933853618,0.0110385564310117,4.212750439128381e-06,0.0001278930329007,8.627152288918865e-06,1.3839730368871476e-06,0.0356939032656338,1.1543197478265439e-07,4.551111386700968e-07,0.3040734914403445,1.1644159535738384e-05,3.568939081566557e-07,0.0012303012753434,0.0004349118220777,4.369447366207603e-06,0.0009409592738777,0.016134449570813,9.34074840956e-06,0.0001336595891577,2.7750021049757537e-06,0.162425391247476,0.0005172535595841,2.4255080711400454e-05,9.602354436298076e-06,0.0199104947852115,0.1009763190749257,7.352368732417908e-06,6.602499698939122e-05,0.061117783379863726,0.2260306214723199
23,1.6974144393757805e-06,1.559299990034567e-05,2.9586824642395085e-05,1.223508355897347,0.008121570312848,0.0079195513262461,2.43627824945423e-05,0.0001004068524168,5.952656668905106e-06,1.1149061854295522e-06,0.0348738544605639,9.61208588811663e-07,1.8386710919147197e-05,0.2978768287676505,7.510938745193952e-07,4.0014231239455e-05,0.0012303012753434,0.000325678470694,2.649859510855981e-05,0.0005276148893892,0.0164812895351711,9.34074840956e-06,4.667591528488206e-05,2.7750021049757537e-06,0.1610934660146061,0.0003294945863981,7.983090748009538e-06,3.023797639178185e-06,0.0198354200200925,0.0948921984879665,2.4554932839215665e-05,4.0014231239455e-05,0.06023791302605872,0.22436459248641816
24,2.884248061225804e-07,1.103990056014754e-06,9.92937984172525e-06,1.2231825457999146,0.0076597597232439,0.0057929247468313,5.32174434885576e-06,7.026537328480923e-06,5.952656668905106e-06,1.0948227538956265e-07,0.0348738544605639,1.2170634201885126e-07,1.4205882422245483e-05,0.2896932162664412,2.765336941289493e-06,1.0129698393731592e-05,0.0016317561801746,0.0002173800595685,1.4964351874606051e-06,0.0009010420289622,0.0158297005655909,5.0923719522139576e-05,5.350351243124112e-05,6.229488699973326e-07,0.1567516355881189,9.674539686274724e-05,3.6151321717740434e-05,9.811589824321184e-06,0.0184701406701972,0.0906211665994919,9.431196398040933e-07,3.6151321717740434e-05,0.05954620243782513,0.22396922360537597
25,1.0057135679634662e-06,3.3260149809744376e-07,2.910864010291309e-05,1.218094526177819,0.0065328084900473,0.005256462575416,1.192998420640226e-05,3.24292448955123e-05,5.952656668905106e-06,1.878673741308012e-06,0.0325630151665492,3.8185690312831596e-07,1.0199692787902467e-06,0.2803987303585261,3.595353375156735e-06,1.743284904746976e-05,0.0006288950591969,0.0001346868808676,1.2949225184159226e-05,0.0007301480660274,0.0156414858838407,4.4546983754740216e-05,4.254516615985906e-05,9.189871558883484e-06,0.1554710031417814,0.0004153756584659,1.36150422147582e-05,9.60035449112734e-07,0.0183046042017353,0.0896672987145396,1.539804661939395e-05,3.24292448955123e-05,0.05884139717061416,0.22278308344269973
26,1.6523472167345382e-07,1.900117721061983e-06,1.516238145077195e-05,1.212033597206297,0.0057429162522506,0.0034196504723953,2.438195098876643e-05,1.9301476137105136e-05,5.524646082406471e-06,2.638355973156691e-07,0.0296310458459726,1.2170634201885126e-07,1.273924968337602e-06,0.2757037774300014,2.449627568777473e-07,2.0742460562148625e-05,0.0007880786819721,0.0001346868808676,4.179350696939679e-06,0.0007175697344021,0.0144913801012814,2.622453504975683e-06,1.0009139017417747e-05,4.943911667806383e-06,0.1541180509909565,0.0001147865546507,8.964930794894978e-06,3.785531622967038e-06,0.017790508975038,0.0876874911747102,2.055996260020828e-06,1.9301476137105136e-05,0.05814513497779642,0.22159446973466582
27,1.5907759826886568e-06,1.680197065469843e-07,9.057919380845709e-06,1.2069209353433918,0.0049652668851286,0.00239747884703,7.905221811476789e-06,7.026537328480923e-06,2.390651697245265e-06,1.5261099090095454e-07,0.0276933833031435,3.92889576730797e-08,1.0055511872028253e-07,0.2686738940733754,2.5422334757651306e-08,6.540390026687554e-07,0.0006664088284875,0.0001251579507271,6.967735854064782e-07,0.0002340417060187,0.0133975188266299,9.330720799605868e-07,2.528106596703777e-06,3.2514899485281213e-06,0.14821957222504,0.0001222777356907,4.718508968524693e-06,3.785531622967038e-06,0.0172337142783992,0.0858694398730897,3.4251827420783888e-06,7.026537328480923e-06,0.057308630309161564,0.22042747143640465
28,5.246341486883099e-07,1.680197065469843e-07,5.86904750881638e-08,1.2028519190870526,0.0047398810520727,0.001887860587525,9.985397345616686e-06,1.166877303868536e-05,3.0994441375142e-06,1.3738878113989503e-09,0.0264433579783295,5.6833079299156233e-08,1.0055511872028253e-07,0.2642694544961192,8.279215860783063e-07,7.556783575708123e-07,0.0005910006475715,7.334811359788597e-05,4.818493826637971e-07,0.0001833651784281,0.0100687532872369,2.7332358839663047e-06,9.010067423861944e-07,1.6933330129943574e-06,0.1486070120535498,0.0001088935817168,7.620419083751711e-06,1.0607065860654835e-06,0.0157725956069184,0.0832910895478512,2.1509408814471216e-06,7.620419083751711e-06,0.0567397554848524,0.21961989699891266
29,1.5550826179824339e-07,7.726053080835873e-08,5.851076863432928e-06,1.1992310429736008,0.0042299069172914,0.0016613624856289,7.57422548144582e-06,6.746371282713404e-06,5.862389536759448e-08,1.3738878113989503e-09,0.0258402756159863,3.1164064187065454e-08,1.273924968337602e-06,0.2604752756683635,1.0799060315035033e-07,3.568939081566557e-07,0.0005406395020327,0.0001154954561533,6.043881431326156e-07,0.0001396891418744,0.0089005116231135,2.81804602198304e-07,6.061312966189101e-07,7.604734334694796e-07,0.1466995424176891,0.0001035086948349,1.0591086356233564e-05,4.207928355817094e-07,0.0149811310828301,0.0809534897113002,3.041882756538083e-06,6.746371282713404e-06,0.056255174589157096,0.2188580258063059
30,2.386504900073533e-07,3.487031758184465e-07,9.601256277493629e-07,1.1912710838134155,0.0042747321221129,0.0015546889008766,5.653560885987923e-06,2.7965184077156977e-06,1.2442470248986378e-06,1.7396429672343903e-08,0.0252931804715166,9.140140169839266e-09,6.416919076563455e-07,0.255674708186379,1.0812971432557695e-07,1.3097527638901056e-07,0.0005205310272975,4.605834630727955e-05,2.1494310337593684e-06,0.0002008995067214,0.0084077570039974,2.81804602198304e-07,5.871982749358065e-07,2.3059275856656985e-08,0.1439221145676232,8.891347641758294e-05,1.8429428075228668e-06,6.823093724660008e-07,0.0148063310649867,0.0798300576561939,4.026437482906865e-06,2.7965184077156977e-06,0.05567460640212179,0.2172896625521223
31,2.402674046058753e-07,1.3309185257570065e-08,1.559032627060493e-07,1.1852370637325558,0.0034444890290741,0.0012522248754645,1.1739442243252497e-06,3.1934018373822045e-06,6.998276890964275e-07,1.3738878113989503e-09,0.0234114912617439,9.140140169839266e-09,5.115071596641182e-07,0.2524211862048464,6.239836216019254e-08,3.241065281104345e-06,0.0004796776088539,5.524225925896996e-05,3.512404438483691e-07,0.0001681942009822,0.0081806038046587,3.9115273225819604e-07,5.871982749358065e-07,3.813903440491785e-09,0.1410805442410494,7.255641568123295e-05,3.3857219532587175e-07,3.0367540774950525e-07,0.0136183908059434,0.0750048608491151,9.615470917580458e-07,1.1739442243252497e-06,0.05498189563315197,0.21611213967115073
32,1.0651481115276005e-07,1.3309185257570065e-08,1.559032627060493e-07,1.1814849994845391,0.0027605854199672,0.0010683919752914,1.1184548228723236e-06,2.5717104170655407e-06,5.862389536759448e-08,1.3738878113989503e-09,0.0217926862250991,9.140140169839266e-09,6.416919076563455e-07,0.2415286093525029,2.95658484417268e-08,1.1939254106042193e-06,0.0004486707059125,2.3446650626268843e-05,3.781547228251382e-07,0.0001085337527684,0.0074737240384029,2.2107228934965562e-07,2.0813038927405453e-07,4.380881915330879e-09,0.139327889040717,7.724413990638283e-05,2.7200302974715927e-06,4.019505784815577e-09,0.012869166839552,0.072677768749899,9.615470917580458e-07,1.1939254106042193e-06,0.054246842384643605,0.2151292828200377
33,8.56412987251533e-08,2.4494134636034724e-09,1.2634243253253088e-06,1.1792155291457946,0.0023895022351658,0.0009561115374814,4.296657423532083e-07,2.308274011708592e-06,3.069219911114847e-07,6.5567026980049784e-09,0.0214851870064388,1.1767120510596134e-09,2.7049954270583015e-07,0.234323871411963,4.302478700295634e-08,2.186943088063274e-07,0.0003464220816319,3.8481347927172885e-05,1.4466099976597899e-07,4.09930387501024e-05,0.0074625313380399,1.21881114590016e-06,9.174705923811753e-08,1.3277126526670325e-07,0.1379387921675455,6.261505680131342e-05,2.9900405759780795e-08,1.2794843901848512e-07,0.0124267661617025,0.0715315830205245,2.782196048448235e-07,1.21881114590016e-06,0.05381372083669427,0.21451541387573939
34,5.7288338245124464e-08,1.1311586879645889e-08,7.238073310457658e-07,1.1740183618251918,0.002214391737534,0.0007114816401912,2.6510568720538775e-07,8.782293415909917e-07,5.862389536759448e-08,3.574178674019193e-08,0.020256470278067,7.396610884819901e-09,1.0055511872028253e-07,0.2355604547349685,5.8165656286850966e-08,4.588655643373734e-07,0.0003503215139157,2.387393290355393e-05,3.720311076495438e-07,3.898337785379357e-05,0.0067201365814111,1.2478970262818184e-07,5.4658443946695053e-08,5.682992683351916e-08,0.1359583926422952,4.284607428077391e-05,6.728933122626084e-07,9.160944962776061e-09,0.0106683866746735,0.0704674311402084,3.839252085826683e-07,6.728933122626084e-07,0.053452769726872865,0.21363987334384613
35,1.4303793566268305e-08,2.0510543305578025e-08,3.0149347174317736e-07,1.171529249123031,0.0021294000910712,0.0007949215873255,2.2749440806566505e-07,2.646071792340713e-06,1.1963010361154214e-07,2.3766986391991326e-08,0.0194916827518613,2.940907907099225e-09,5.126680364667311e-08,0.219051154939173,3.906604194941077e-08,5.83776504899824e-07,0.0002160160606739,1.7292975352231916e-05,2.1217428751871208e-07,1.6558279016426188e-05,0.0064225208206025,1.358292772198808e-08,4.1389994369863e-08,5.216318160684526e-08,0.1343692422630263,2.1842936619590556e-05,2.536022354319874e-07,3.2052704692461055e-08,0.0104215856989382,0.0693962498732251,3.2903570174911433e-08,3.0149347174317736e-07,0.052705883406134676,0.21274044484333152
36,4.1176721143502475e-08,7.485481594842986e-09,2.193111209546448e-07,1.170067727868514,0.0020136309829393,0.0006236135585994,5.176152167798974e-08,5.506794480723578e-07,1.1758751793311817e-07,4.863103892961994e-10,0.0191200909888097,2.8264500741517515e-10,1.1295527122205565e-07,0.2189483578841508,4.3723035738714164e-08,5.83776504899824e-07,0.0001757744184688,1.3945246533205649e-05,2.775579846603064e-07,2.279954345219416e-05,0.0042408838070537,1.2478970262818184e-07,3.607474605274191e-08,2.451499631616072e-08,0.1329274091826826,5.799959062597583e-06,2.448270637183596e-07,6.810025527906594e-08,0.010217982551727,0.068430831896423,1.1117527909335905e-07,2.775579846603064e-07,0.0524777891662588,0.21248296578375978
37,6.6456016468399335e-09,3.2431575719888175e-10,1.8132306419131426e-07,1.16863531732616,0.0018755470896182,0.000637932214391,2.424035889302744e-07,3.925383590260731e-07,4.0731768778685226e-08,4.5127116251648117e-11,0.0189371206483289,9.754303450040426e-11,3.62672448666858e-07,0.214712466756892,4.044135878277788e-08,3.9911745389787283e-07,0.0001314133186114,1.1644255281902734e-05,2.1287124771517337e-07,8.951801827526928e-06,0.0043136466149002,4.730187072278143e-07,3.3746867506982066e-08,5.316405385159566e-09,0.1319118414584041,2.5621911716252844e-06,2.785060661017588e-07,4.637720638322492e-08,0.0091120861055165,0.06610580077685,2.343927642110104e-07,3.925383590260731e-07,0.0521419122944467,0.2121133897920808
38,8.866744062639106e-09,2.356349609823044e-09,2.757647288423869e-07,1.1637914128691926,0.0017846609403755,0.0005442680980463,4.6696736579044593e-08,2.2210654280140555e-08,2.1580542057535013e-08,2.476296718820859e-10,0.0181642315997339,9.754303450040426e-11,1.376014196084279e-07,0.2124012135840968,4.25161720332934e-08,2.787095942807686e-07,7.868221600542323e-05,1.067538115352508e-05,1.7868660175222317e-07,4.9555834509372686e-06,0.004339529498849,6.376077348043134e-08,2.801153803843532e-08,5.316405385159566e-09,0.1313478948883225,4.3449266830104283e-07,1.4874940244640434e-07,2.0881533081591e-08,0.0089861600281721,0.0647135602012983,1.9922630037559134e-07,1.9922630037559134e-07,0.051811908408452706,0.21120125967073303
39,2.277117674742287e-09,5.074558647214136e-10,5.86904750881638e-08,1.1592759427070494,0.0012257392171932,0.0005203342311872,3.9520408454279276e-10,1.4035108671716022e-07,1.1587690784231994e-08,2.476296718820859e-10,0.0176625551785765,1.304294250077852e-10,7.368482035657834e-08,0.210534661051079,4.446540273139518e-09,2.052807110357903e-07,7.689988945678594e-05,1.0236054165942732e-05,3.856687977495509e-08,3.3352330379559404e-06,0.0036847778551911,2.8290071622026635e-08,2.2807829174451597e-08,3.4887770093177486e-09,0.1306765730767007,2.1630188162593047e-06,1.475842996225756e-07,7.895084712625424e-09,0.008884963775572,0.0633055086670808,6.268851541558908e-08,1.4035108671716022e-07,0.05147949996373307,0.21036329431510206
40,5.487459998672534e-10,8.399498732061563e-10,1.2677433325186457e-07,1.1559355831015403,0.0009403756577435,0.0003407777937541,3.409846689955245e-09,2.2210654280140555e-08,1.2873314241477802e-08,1.3738878113989503e-09,0.0168631422012523,4.695515806956878e-11,1.4872282194335852e-08,0.2083411169930461,2.5840041089762032e-08,1.917010078729279e-07,5.9358895411918456e-05,9.160212541067928e-06,7.162243224118695e-08,3.812662473667316e-06,0.0034090311246435,5.1309148544041e-09,2.1528478473924595e-08,7.116975466037604e-10,0.1302249783406695,1.647630145011507e-07,9.208479804569245e-08,4.511668281263631e-08,0.0085414602234846,0.0626635934810963,1.6110028632713478e-07,1.2677433325186457e-07,0.05120430171732194,0.20972760237632632
41,3.947845109089027e-09,1.3141942515733963e-09,1.1614304892798563e-07,1.1542100575512346,0.0009403756577435,0.0002692038660461,3.409846689955245e-09,2.2210654280140555e-08,1.0931208467901152e-10,2.476296718820859e-10,0.016462121081732,2.3352355722543223e-11,5.521648887012786e-09,0.2065007130916565,1.3373317295628918e-08,3.4906530851629357e-09,4.6388813653689154e-05,8.547373919061626e-06,3.856687977495509e-08,2.9489407954082484e-06,0.0032833781868203,2.3793733877248557e-09,2.1528478473924595e-08,1.4354664917348071e-09,0.1282886002359281,7.964152710917097e-07,2.9900405759780795e-08,1.6602683002874507e-08,0.0083722711784737,0.0623577647894202,6.718998335525508e-08,3.856687977495509e-08,0.05099172627669249,0.20935916925782247
42,1.787383221106779e-09,2.1371622860255814e-09,5.843889702073733e-08,1.1534367026020391,0.0009403756577435,0.0002388317973437,3.409846689955245e-09,1.0917381659523969e-07,3.517558899845654e-09,1.2672733409425176e-10,0.0162495715148534,1.5500334260367846e-10,1.7069134794318122e-08,0.2050414251494864,1.3658886834638756e-08,2.263606042861005e-08,3.821464224318592e-05,6.589198337826501e-06,1.404620520873075e-07,7.539720153434897e-07,0.003201535452141,3.5112163721314293e-09,1.3053808966845985e-08,1.0584566796468218e-09,0.1276956470071059,1.3141537032275892e-06,8.485443813019578e-08,3.220519869014134e-09,0.0081926422672009,0.0611072265820504,2.9295559855313874e-08,8.485443813019578e-08,0.05084359153428366,0.20918123323908708
43,9.158724528068839e-10,1.6014640338873002e-10,5.3946521388651886e-08,1.1519225267952045,0.000866219899034,0.0002241128117051,1.7379442871846062e-09,4.535728131302209e-08,1.0931208467901152e-10,3.766762504001998e-10,0.0160063528083171,1.6556395141072938e-11,2.466963951474433e-09,0.2036431762957669,1.3131751589745442e-08,5.0040107840719506e-09,3.443422521503904e-05,6.95813561508226e-06,5.7749394358941543e-08,2.394734954457787e-06,0.003106779885045,1.648708555906713e-09,2.4077377494816804e-08,5.921656354241101e-10,0.1275735083683781,5.391957424700759e-07,4.1353452960358046e-08,4.3155706626822485e-10,0.0079626853652957,0.0609229110091308,2.5062258889339268e-09,4.535728131302209e-08,0.0507184790681072,0.20888349432145312
44,3.779817619259362e-11,1.2126210848938042e-10,5.7321086204810974e-08,1.1506056352576592,0.0007794948173348,0.0001961729695579,1.7379442871846062e-09,3.820599576242225e-08,5.733887858361888e-10,1.2672733409425176e-10,0.015661659992704,4.3688012232200766e-12,1.0888300812689753e-08,0.2019588159674237,1.6258320349302842e-09,1.9248464367210282e-09,3.262021216406207e-05,6.672344970917359e-06,6.433773253543124e-08,1.6738828460947508e-06,0.0030603600007419,9.040125919672033e-10,1.0234049518231053e-08,2.7719675779597956e-10,0.1272643231250033,3.1556433087460735e-07,2.9129623868741967e-08,1.2090219879839752e-11,0.0078595380718111,0.0602925909110944,2.2352108132024784e-08,3.820599576242225e-08,0.050571616546193764,0.20861024489329438
45,5.01733229164233e-10,6.27550875708251e-10,4.163513145966547e-08,1.1499542748563667,0.0007494944256121,0.0001842463558463,1.0244062118056528e-08,2.408731828077248e-08,3.9571322506328337e-10,1.2856817760925526e-10,0.0154151508218869,8.223303403501684e-12,5.536265327268235e-10,0.2008389907884428,1.4919319578796175e-09,5.0040107840719506e-09,3.173219649805689e-05,6.540561194842618e-06,5.03937215706134e-08,7.539720153434897e-07,0.0028598637139286,7.729497433351301e-10,1.3992830680164716e-08,2.7719675779597956e-10,0.1267569080270639,6.617644593916186e-07,3.4944598526214e-08,1.2090219879839752e-11,0.0076958952861127,0.0598526034636919,6.2298855872343194e-09,3.4944598526214e-08,0.05046281637207299,0.2084662275343406
46,2.9186185109534324e-10,9.9172963366735e-11,2.7275577952163765e-08,1.149142781181251,0.000713278199758,0.0001771662525848,1.3964024180840256e-09,1.7453072154335598e-08,1.2211094037300376e-10,1.9020212898062203e-10,0.0149574633422498,2.9461278599650958e-12,1.8257953760496651e-09,0.2002812053207797,1.0697612592202198e-09,3.8400952689104495e-10,2.3219822987801767e-05,4.09775200235924e-06,3.511431019494422e-08,6.118093665962012e-07,0.0028893578543906,7.729497433351301e-10,1.340573262354147e-09,8.607512672211669e-11,0.1264717364646314,4.792708280979821e-07,2.290372815127924e-08,1.2090219879839752e-11,0.007619510209672,0.0591717668818944,5.379350769436947e-09,2.290372815127924e-08,0.050369444841367315,0.20830900544048225
47,1.77525453245485e-11,4.781864216686076e-10,2.7275577952163765e-08,1.1463324493629636,0.0006881505168809,0.0001703522576073,7.148870102201151e-10,9.75708428234257e-09,2.753275540307169e-10,2.01220139413044e-10,0.014586168076597,2.896054559765635e-12,4.797774809693762e-10,0.1996438708162248,1.163186853135699e-09,4.733956295031179e-10,2.3219822987801767e-05,3.667678920768798e-06,2.8988919753582336e-08,1.1650975037779148e-08,0.0027811583030892,6.378203340908169e-10,4.875224868672735e-09,2.7502266323486004e-10,0.1261922773996543,2.536509229024333e-07,1.89309499992779e-09,2.2439439638894006e-09,0.0075169135704854,0.0588259596310099,8.044767988981717e-10,9.75708428234257e-09,0.05021821075148755,0.207799608024116
48,3.660315579334228e-11,3.53603696250715e-10,2.6688269435844453e-08,1.1452532617733036,0.0006558188728266,0.0001608563620639,2.272336432003014e-12,1.6992493209531267e-09,1.7063058316869696e-10,3.8891825840472495e-11,0.0144568653353698,2.674430340120904e-12,6.343396557637075e-10,0.1977714929490742,8.76945701440535e-11,3.8400952689104495e-10,2.0121967708507144e-05,2.098612231832772e-06,4.399880689580383e-09,1.5110934755917022e-07,0.002678431989481,1.1666705286986447e-09,2.024254855455076e-09,2.378141187066799e-10,0.1260603129191892,2.1694630235142897e-07,1.89309499992779e-09,2.2439439638894006e-09,0.0074508847107371,0.0586951912878161,3.6855767219140754e-10,2.2439439638894006e-09,0.05010341120219055,0.20756574587192658
49,1.9203233396108052e-11,7.544676636303555e-11,2.6558905053437948e-08,1.1446032823835142,0.0006188869129739,0.0001475951941187,9.59512869489014e-11,5.605619725771895e-10,1.350780116416426e-10,2.4694725633125797e-11,0.0143801262474386,2.674430340120904e-12,1.4624283877941675e-10,0.1968090592771064,4.845777189257944e-10,3.3924562055482253e-10,1.8447445713640097e-05,2.3296650930457493e-06,2.2723867185180642e-08,1.004436084392331e-07,0.0026273274233735,4.69363275148842e-10,1.340573262354147e-09,2.0613113605531362e-10,0.1258490464818368,9.807678457706777e-08,2.733637468836985e-09,5.532543579622956e-10,0.0074188922235969,0.05833318430034,4.3740454506513105e-10,2.733637468836985e-09,0.050026078483300374,0.20742705499845307
50,2.7321232815510712e-11,1.0312737321622619e-10,2.1589159474035603e-08,1.1427579861740236,0.0005780695261903,0.0001384733498521,2.2294899934592488e-10,5.605619725771895e-10,1.2150070969897135e-10,2.028291834307866e-11,0.0141883274226939,3.0817620430196263e-12,4.1403992732638694e-11,0.1963682115594937,1.5954146398501854e-10,3.4594798128901207e-10,1.358883927631681e-05,1.1629968027079012e-06,1.5868522147960064e-08,2.6005854580243262e-08,0.0026022776649761,1.963705513385562e-10,7.597984431038749e-10,1.5082683825260246e-10,0.1256110450012735,8.221696795597553e-08,1.8913013003826193e-09,3.697410867596674e-11,0.0073523901774958,0.0579537463992358,6.789437090280537e-10,1.8913013003826193e-09,0.04992146548747585,0.20709086719484218
51,9.23549929869102e-12,1.0312737321622619e-10,6.75522774728665e-09,1.1419137704723534,0.0005680717215225,0.0001368500881383,9.896253745335383e-11,8.884446709743133e-10,3.8095869461308976e-11,2.028291834307866e-11,0.0140636316889548,2.243165176049819e-12,3.089100816521503e-11,0.1961579232928597,7.313887776478325e-11,8.826990027886513e-10,1.574545230945615e-05,8.456858742195478e-07,8.066107510887898e-09,8.779396445317792e-09,0.0025458095123905,4.2443568988743936e-11,6.811877148286198e-10,3.280820053922912e-11,0.1254746431897463,8.77675443821458e-08,5.2695955903811646e-11,1.5206636827935055e-10,0.0069256114124355,0.0577603190791823,2.2742494475587926e-10,8.884446709743133e-10,0.04985688181612228,0.2069396638853387
52,1.1498050814826346e-11,1.3454508600671723e-10,9.502945852329302e-10,1.1415457474445805,0.0005549102726357,0.0001263041846855,3.461138212821896e-11,7.627957129625142e-10,2.3541490497206672e-14,1.8142079944736248e-11,0.0139812272488199,2.3027502175195466e-12,1.0723761900105567e-11,0.1954796739930959,2.0612701355857344e-11,2.713046575659922e-10,1.358883927631681e-05,7.972729196418126e-07,6.902483654767604e-09,7.482670402714088e-09,0.00250370905713,5.2437344077325607e-11,3.428711883108982e-10,1.6432940098525106e-10,0.1247491971044415,7.182992921462895e-09,1.4006404092981896e-09,6.970398388522414e-11,0.0068379237740133,0.0576050589190697,5.358708300574473e-10,9.502945852329302e-10,0.04978703756327492,0.20685158154216154
53,1.760829483149724e-12,4.2211510552407396e-11,1.0128035902775014e-08,1.1410370312365463,0.0004995719993539,0.0001253265560552,8.676128774685527e-11,1.5919115209021083e-10,2.3541490497206672e-14,5.619625650611924e-12,0.0138769376524175,2.179568422718147e-12,1.1330944514114699e-11,0.1950412100691562,4.057719911455434e-11,3.4594798128901207e-10,1.3326105507309506e-05,7.397551008777008e-07,6.180361637784572e-09,1.4615492593890269e-08,0.002446368112656,5.211518348704119e-11,2.5215101467106287e-10,5.615991818937669e-11,0.1244530756839763,5.3959165381750255e-08,1.368994008115169e-09,2.6224866813618317e-10,0.0066362466536838,0.057325289824692,6.789437090280537e-10,1.368994008115169e-09,0.04972436167414249,0.2067507613900026
54,2.475351166219878e-12,4.2211510552407396e-11,5.828250490504929e-09,1.140533545297145,0.0004967211073095,0.0001162855547841,2.151522555848962e-11,8.355237478058018e-10,1.835658321357441e-11,1.4413569728003147e-11,0.0137849996288995,1.7386787578880578e-12,5.410597326641033e-13,0.1946843163785688,6.041077325821735e-12,2.873976489490021e-10,1.310057640394954e-05,7.117022561828625e-07,6.078027850566878e-09,7.482670402714088e-09,0.0024142838957604,4.6466469621237087e-11,2.2953918928225908e-10,4.3773312714433446e-11,0.1243683375371585,2.4418139906748792e-08,2.062164598395323e-10,5.3826207970370705e-12,0.0065384547873786,0.0571828377071393,5.781547035066098e-10,8.355237478058018e-10,0.049681730332891604,0.20665417762578736
55,5.308298512309124e-12,2.6948581854157844e-11,5.039666906232566e-09,1.140142841504998,0.0004873392942917,0.0001151760846081,2.8099414379610163e-11,3.4203813691895145e-11,4.8376982975551167e-11,2.260184592642377e-11,0.0137479833244073,1.6364063713974053e-12,3.86636617102397e-12,0.1944004458843921,1.6879573400465428e-11,1.5515324490251222e-10,1.262833649884162e-05,6.535808203974958e-07,4.623590550004506e-09,2.0368913798679172e-08,0.0023983155615157,8.441711666973716e-11,4.720720714590569e-10,5.615991818937669e-11,0.1242840585991826,7.182992921462895e-09,5.841908097441749e-10,5.3826207970370705e-12,0.006483531417756,0.0570413999052468,6.780419721813251e-12,5.841908097441749e-10,0.04964885200841803,0.20657841637091837
56,2.5227827953357784e-12,3.5256356198501885e-11,4.517740672105073e-09,1.1397934693961438,0.0004744987281334,0.0001118482312782,1.5355247478006025e-12,2.1894699253321967e-10,1.5161906470729033e-11,1.8551147862165027e-11,0.0136489247527853,2.1854105013725922e-13,4.644467698246087e-12,0.1942586790855738,7.101253391759023e-11,7.00068518638307e-11,1.0981762656005474e-05,6.034289363081424e-07,5.908024195699881e-09,1.6216298490097118e-08,0.0023639241068446,6.352165999194699e-11,3.6338186743753415e-10,2.5163270846440897e-11,0.1241066060306144,2.3836009600989443e-08,3.2885560113957176e-10,2.424453185772692e-12,0.0064317139145154,0.0569356653139489,1.1413747812529862e-10,3.6338186743753415e-10,0.04961732150209176,0.20651270796628565
57,1.7201576859351114e-13,1.3570464797772344e-11,4.27493194292905e-09,1.139615683957011,0.0004550917318194,0.0001092234306666,2.8402179575454564e-11,4.7947186807759954e-11,1.3624399105730851e-11,5.47794126042642e-13,0.0135786298515056,4.288183116133364e-13,1.1862517550543504e-11,0.1939367103188153,4.015930824982214e-12,1.1873251233742446e-10,8.768678525114434e-06,5.264060163901216e-07,4.408046694035801e-09,4.132611276384718e-09,0.0023468844039984,5.211518348704119e-11,3.327988560518434e-10,8.384774854273754e-12,0.1239779552236051,1.4342071410842318e-08,1.2235179255107483e-10,5.057822453936318e-12,0.0063937935753254,0.0568258907041413,3.1687526820266667e-10,3.327988560518434e-10,0.04958868343599931,0.20647323421856165
58,2.469079786781593e-13,9.879632928459235e-13,8.958064139385813e-10,1.1394256091244317,0.0004423887837706,0.0001009989677377,1.0238386739594694e-11,7.529029612074789e-11,3.040953021650501e-12,1.3905158138400464e-11,0.0135453607973886,1.286919791530366e-13,3.86636617102397e-12,0.1937528372420846,2.6441988178499012e-11,4.249259350034498e-11,8.354991699887423e-06,4.950497268377785e-07,4.038264883238026e-09,1.938437993397796e-09,0.0023270391866769,5.211518348704119e-11,5.300435459824285e-10,5.609760062626008e-12,0.1238919271291475,2.5873757658726713e-09,9.293293149890229e-11,8.732655781303586e-13,0.006313607298768,0.0566856501178223,3.275050821582243e-10,5.300435459824285e-10,0.04956433159144706,0.20643538139750411
59,8.63976006205315e-13,9.578260430625585e-13,1.5299516726982335e-09,1.1390495920005714,0.0004395985780304,9.71507240215342e-05,8.932742963044588e-12,5.686279628698525e-11,3.0554139830167765e-12,5.619625650611924e-12,0.0135081110170061,5.673635937670383e-14,5.508542287401582e-12,0.1936194681467249,1.0902074771282438e-11,2.7745133300849973e-11,8.320587836123001e-06,5.018116980490792e-07,1.3786512226426235e-09,1.938437993397796e-09,0.0023157078076046,1.4570066197653813e-11,2.2953918928225908e-10,1.4954122725879794e-12,0.1237895926046489,2.5873757658726713e-09,5.861923748871466e-11,1.1638905961475228e-13,0.0062545396273535,0.0566186344983555,3.1342089780893494e-11,2.2953918928225908e-10,0.04953874920304693,0.20636556885194482
60,1.9474069913496157e-13,9.578260430625585e-13,1.7566174907948349e-10,1.1388400141291937,0.0004262625679896,9.529291461322352e-05,1.1686397503434149e-12,4.711371532651996e-11,6.688146821394622e-13,5.207218995967513e-12,0.0134702939142169,4.028550587505028e-14,4.78913664989336e-12,0.1935109536939387,6.883158082938646e-12,3.0303779426931636e-11,7.870659765041612e-06,1.514586846191868e-07,1.3786512226426235e-09,1.938437993397796e-09,0.0023017605038749,3.302806363805289e-11,1.283539783607333e-10,5.3070204679260706e-12,0.1237089000843357,2.5873757658726713e-09,3.531257564329385e-11,7.143007025639127e-13,0.0062074134205864,0.0565859035316734,6.780419721813251e-12,1.283539783607333e-10,0.04952112333115557,0.20632593970285143
61,1.3424375763345681e-14,1.3874761715342444e-12,2.122233765207722e-12,1.1387385663124994,0.0004216521280487,9.435224920465498e-05,4.779430880068619e-13,3.9548367258013947e-11,7.746929676121073e-13,2.015031763082434e-12,0.0134316447969134,7.0591841161386826e-15,5.410597326641033e-13,0.1934054487798416,3.796925747439725e-12,1.712150725393569e-11,7.226512841262662e-06,2.0746805082727218e-07,1.3786512226426235e-09,1.686782074557589e-09,0.0022824079784167,3.3631627260820846e-11,9.271173671375935e-11,2.720031562722116e-13,0.1236190964153247,7.516652910071261e-10,2.6349828268754693e-11,5.74654246420481e-13,0.0061695951156575,0.0565557511304807,1.3341812862908367e-10,9.271173671375935e-11,0.04950728880835941,0.20630520854040663
62,7.188504873103334e-14,2.682107087929588e-12,2.122233765207722e-12,1.1386729173673336,0.0004170858875056,9.201217324987156e-05,4.272194037776962e-12,3.027976708825458e-11,3.052390467812538e-13,4.482755056210026e-13,0.0133869199064501,3.3823537221613484e-14,3.4550155297018224e-12,0.1933527508677668,5.514515200496569e-12,2.4786170529160665e-11,6.924898655270738e-06,1.1145562938652797e-07,1.3376393396451371e-09,1.2871625632423062e-09,0.0022665637067671,2.3525591588360693e-11,1.13090914235718e-10,2.5050827951492227e-12,0.1235752120180991,6.007264878570488e-10,2.2541110423393064e-11,3.242694572079285e-13,0.0061513547217512,0.0565057782444869,4.874060692990783e-12,3.027976708825458e-11,0.04949766563593728,0.20629241524141223
63,9.110027086720906e-15,3.278889638907926e-13,1.5852632316504218e-10,1.1385388367840994,0.0004121525711148,8.998285553873985e-05,3.305533807100336e-13,9.589685552619731e-12,1.2039630506176864e-13,3.3479707013110946e-14,0.0133647255130758,1.8981303820484323e-14,3.743423736725597e-12,0.1932879491812712,5.010256783487955e-12,1.1656837035075542e-11,6.655075810254372e-06,7.037678159500586e-08,1.289904847101927e-09,1.2871625632423062e-09,0.0022493339650602,1.9856443682094275e-11,8.451629712065808e-11,7.67841499884336e-13,0.1235149296646828,6.164774052600246e-11,9.279329470082184e-12,7.34986171186235e-14,0.0061392127142484,0.0564451386364541,2.9571293848231897e-13,6.164774052600246e-11,0.04948545129938737,0.20626692596614993
64,3.5939649340751973e-14,4.500494271644294e-13,7.675650615429289e-11,1.138358106736547,0.0004038113327164,8.87411674797537e-05,5.73144490360543e-14,9.589685552619731e-12,1.4558206155741441e-13,2.1261887936604364e-14,0.0133536702149932,2.448346998595828e-15,6.54604956878654e-13,0.1932292492428204,3.8183115647348265e-12,7.509409989875664e-12,6.579188459891668e-06,1.623980757589542e-08,1.2671927777739654e-09,1.4111411785419803e-09,0.002220052660179,1.874576781389577e-11,6.730233796110502e-11,2.627552323730593e-13,0.1234818856955108,1.593810057743075e-11,5.726189951743675e-12,6.759167520782034e-13,0.0061109785396244,0.0564085216476998,1.0842896101123392e-11,1.874576781389577e-11,0.04947295534073249,0.20623388106009144
65,1.3183391259858294e-14,1.597642779120003e-13,2.1913973687055694e-10,1.1382685120734335,0.0003990087597776,8.765396343913339e-05,1.859004082600936e-14,9.589685552619731e-12,9.217800823992669e-14,2.1261887936604364e-14,0.013337462767275,3.45703063054402e-15,7.745473586236145e-13,0.1931712501692667,2.5004823999305023e-12,1.1275013573369682e-11,6.5492872307195305e-06,6.528319459114125e-09,9.911253482349166e-10,1.1127487222258694e-09,0.0022058288003278,1.8371404398981195e-11,6.0345921658802e-11,5.358802858858496e-13,0.1234651144843066,2.347434054629595e-11,9.058195364009642e-13,1.343794984665441e-13,0.0060966399147536,0.0563926583658561,5.0538835786973074e-12,2.347434054629595e-11,0.04946550605065386,0.20621689782636368
66,1.3183391259858294e-14,1.3242953259984406e-13,7.675650615429289e-11,1.1381679698702674,0.0003966615915749,8.623662628103606e-05,2.6888480591452145e-14,9.062290431222299e-12,7.258735408815453e-14,5.6674306455826135e-14,0.0133185464752038,2.517047438729322e-16,3.5376981401686775e-13,0.1931457908547903,3.0024962021565225e-12,7.706033220134156e-12,6.393788352813346e-06,6.528319459114125e-09,1.0394740719356883e-09,1.1642586328460435e-09,0.0021988214156933,1.6406957329001152e-11,5.728035372343487e-11,8.319652070060645e-14,0.1234422019878485,1.4515241035569537e-11,3.5028882931149376e-12,7.358533889312181e-15,0.0060902188102131,0.0563818744107108,6.540626891415917e-12,1.6406957329001152e-11,0.049459184669629286,0.2061985654526985
67,1.1278846626609206e-14,7.923510331768109e-14,1.565342150058321e-10,1.1377876571492505,0.0003955015547379,8.559456342604632e-05,6.806079649417341e-15,7.016370612916624e-13,6.456987227227016e-14,1.191691314270811e-14,0.0132974909111101,2.8403125067641992e-15,6.443898659265808e-13,0.1931313070773114,2.617003038292989e-13,5.050010238405834e-12,6.23207560514721e-06,3.1154395428170035e-09,9.11158028652568e-10,1.1254593922315523e-09,0.0021953439031364,5.708076272271725e-12,3.4503294568408595e-11,1.3074461619644288e-13,0.1234246486021353,1.658277267958025e-11,1.762525593686803e-12,4.893984814658456e-14,0.0060778900268659,0.0563598168366341,6.133687274026423e-12,1.658277267958025e-11,0.04944391897033898,0.2061313125078924
68,8.294670548442483e-15,4.3614520959331743e-14,5.885250194674753e-11,1.13764499333375,0.0003915520287299,8.46920185892993e-05,6.9582025982348705e-15,8.555945647858437e-13,3.9797522222340196e-14,5.4583973197215836e-14,0.0132870244502745,8.848425129548526e-16,6.634398051435344e-13,0.1931041902930782,7.491559933220731e-14,1.5562293041214352e-12,6.140343922620836e-06,4.357982543630272e-09,6.10306314310676e-10,9.111815480426775e-10,0.0021826603192238,1.3748646696607144e-11,1.5949010448049178e-11,2.5852534665341535e-14,0.1234098856236132,2.278977064586755e-11,1.652228280158965e-12,4.9755464468917536e-14,0.006068589596431,0.0563467127224922,4.608638069737129e-12,1.5949010448049178e-11,0.049436336991308255,0.20610564560678
69,6.0144810747680485e-15,5.968756686276931e-15,2.122233765207722e-12,1.137582141077458,0.000389689076706,8.41094306335867e-05,1.7870382728248504e-14,3.576038070862624e-13,4.537489612081216e-14,4.044347939291279e-14,0.0132769750662758,1.014553218216916e-15,4.6711899486041143e-14,0.1930808642913432,7.491559933220731e-14,1.5562293041214352e-12,5.9823835162053644e-06,3.1154395428170035e-09,4.882646190141102e-10,8.829942526717213e-10,0.0021758881189637,5.708076272271725e-12,1.67713088821971e-11,3.676706218075701e-15,0.1233917440436856,2.278977064586755e-11,4.415784226752727e-13,4.704635804702939e-15,0.0060611636487707,0.0563333655528708,4.530767499454764e-13,5.708076272271725e-12,0.0494316750718506,0.20609399329289843
70,4.468359501267721e-15,5.432054141374949e-16,1.9900980744904318e-11,1.1375642697865094,0.000388655651034,8.350829779339651e-05,2.8423458253074432e-15,1.4856625435454531e-13,5.5090797049075305e-14,8.118747205499819e-14,0.0132708969298629,2.1041741240687036e-16,2.104378170805985e-13,0.1930569872411714,3.2864344097710633e-13,3.342254162201443e-12,5.9393043278337415e-06,3.761004015000121e-09,3.197171712031011e-10,8.581693853032965e-10,0.0021727449974004,8.742691955846724e-12,1.2074325646140124e-11,6.0710165420372305e-15,0.1233807654087662,1.604636067813028e-13,6.844415118635557e-13,4.5917438455589465e-14,0.0060584056484839,0.0563232116094333,1.514326329135189e-12,8.742691955846724e-12,0.04942920612454763,0.20609024290040892
71,2.65733964721496e-15,5.968756686276931e-15,1.1913503093206114e-11,1.1374945411050374,0.0003871658042638,8.282024712989368e-05,1.0768383092136262e-14,5.142632802278149e-13,1.3436597059206986e-14,3.0666445010066603e-14,0.0132638105497914,1.1730822819196483e-16,6.243647240613075e-14,0.1930440782966854,1.2189321498874994e-13,2.914424404744605e-12,5.685997614993763e-06,3.761004015000121e-09,3.392381038150892e-10,7.781252608009056e-10,0.0021664313372365,6.822661781226116e-12,8.426806032199647e-12,5.992306426540638e-15,0.1233691743475857,6.872402166269038e-12,4.869871989942743e-13,1.457194083137395e-14,0.0060551551196416,0.0563143918363096,8.667261659858692e-13,6.872402166269038e-12,0.04942526643737903,0.20607765438212347
72,3.4635629601590538e-15,2.139520400450628e-15,1.3506901552905196e-11,1.1374501911031476,0.0003859730747915,8.236631232021662e-05,6.9582025982348705e-15,7.016370612916624e-13,2.3577030931941543e-14,2.5475471905233483e-14,0.013258991850755,1.0679770631936285e-16,1.3602935293121946e-14,0.193037243739793,6.064544142372691e-14,1.982199296679795e-12,5.5579545285471886e-06,3.761004015000121e-09,3.0267248108723527e-10,6.664491365276604e-10,0.002162192027742,6.714600087667898e-12,8.286737824926925e-12,3.9670995036344646e-14,0.1233613982240347,2.518125869542905e-12,6.991180359983913e-13,1.2949058245558136e-14,0.006049994613048,0.056307779415096,1.2270266056936012e-13,6.714600087667898e-12,0.049422635260648475,0.20606970069297484
73,3.0989251949884528e-15,5.432054141374949e-16,1.1705168324135398e-11,1.137409747375259,0.0003845963318173,8.18318944222573e-05,4.4588269817324384e-15,7.553766137267854e-14,1.4830068122715397e-14,2.5475471905233483e-14,0.0132540601178789,3.343547590592711e-18,2.2679109958315912e-14,0.1930191009633484,7.558216833342169e-15,2.2955513007288392e-12,5.5030598562499645e-06,3.253554025491742e-09,2.7997862151843265e-10,5.927272049045445e-10,0.0021593597428819,5.701197808984768e-12,7.809334693208542e-12,1.3775701317573824e-14,0.1233523637856736,2.162702626946805e-12,2.547023293509872e-14,5.862079223700121e-15,0.0060468123730195,0.0563025050514931,2.724500325243203e-13,5.701197808984768e-12,0.049419867253292116,0.20606213580319857
74,7.153527032657364e-16,7.2775535571609565e-16,9.545290784990351e-12,1.1373825094131078,0.000384033504565,8.154217762054479e-05,5.514637382090513e-16,7.016370612916624e-13,1.1354289420910744e-14,1.6180051741480273e-14,0.0132500547478587,3.343547590592711e-18,4.731825690571794e-14,0.1930104620052666,2.4670784087999147e-15,1.4744959844228834e-12,5.462811336552026e-06,3.1154395428170035e-09,2.2862482954456295e-10,3.309944858238603e-10,0.0021560947658369,4.952235921767429e-12,3.450151693032492e-12,1.4551169718387673e-15,0.1233466378575956,5.267200047913876e-13,3.137793117980004e-13,1.3137964393769843e-14,0.0060433443892835,0.056298480517742,2.9571293848231897e-13,3.450151693032492e-12,0.04941802018989116,0.20605714819803025
75,2.6027601638725613e-15,7.2775535571609565e-16,5.832642146936953e-12,1.1373504140947754,0.0003829824104439,8.109044038997779e-05,1.833740326971845e-15,2.653936956626069e-13,4.695422980700537e-15,1.792247965568527e-14,0.0132469121466153,3.002342794306177e-19,1.5096965680099858e-14,0.1930062506273405,9.364727594968195e-15,9.463698375354141e-13,5.437799528263908e-06,2.0928334611329047e-09,1.4923924242941206e-10,3.4084251172558194e-10,0.0021547782844498,4.952235921767429e-12,4.122036460599204e-12,1.79965604405551e-16,0.1233429646431697,2.8913734493759306e-13,2.5273506507383434e-14,1.3286487625853855e-14,0.0060416389395415,0.0562943392428982,6.629880539429364e-14,4.122036460599204e-12,0.04941634874931074,0.2060514057202013
76,1.4963024507831368e-15,3.978097159691817e-15,4.168619054177536e-12,1.1373290767893278,0.0003823166622163,8.075885322772333e-05,1.437687649466156e-16,1.0820603851234566e-13,5.786084826764064e-15,1.2357945651481474e-14,0.013244689701409,3.002342794306177e-19,3.881832992080112e-15,0.1930005655404402,2.4670784087999147e-15,7.429701491431975e-13,5.318768556361881e-06,2.949949495781129e-09,9.802715602607323e-11,3.335111482026699e-10,0.002152908509294,4.952235921767429e-12,3.5781458848417704e-12,2.7029896646269747e-16,0.1233394071722027,2.0835725873833805e-14,7.230199322165371e-14,3.661528425600571e-15,0.0060401549236912,0.0562904754096744,1.8522415071670817e-13,3.5781458848417704e-12,0.04941502179759323,0.2060475180991048
77,6.864735838256167e-16,1.8167459584433827e-15,1.4127935657294857e-12,1.1373089294862282,0.0003817245412101,8.036675836803303e-05,2.0477172465362957e-15,1.3749274126599817e-13,3.926123817727292e-15,4.2643550120272856e-15,0.0132425980593435,4.264771327443829e-18,9.944986127085815e-15,0.1929962153510057,2.4670784087999147e-15,4.862324890088248e-13,5.311287414057069e-06,2.441524014474199e-09,8.121743864786515e-11,3.101308386371012e-10,0.0021512637790205,4.756724213908935e-12,3.1994713219249365e-12,8.212115344608369e-16,0.1233359567128146,1.4890246329825964e-13,7.230199322165371e-14,1.0547402589369148e-14,0.0060388108143138,0.0562877415380934,2.16321836329434e-13,1.4127935657294857e-12,0.04941383616681132,0.20604386901209673
78,1.0250502078440527e-16,6.509152984524667e-16,2.983793832534012e-12,1.1372823184621577,0.0003809229272084,8.017177755951858e-05,1.2955514415975937e-15,1.6191665180777525e-14,1.5873572214904485e-15,5.736499890025707e-16,0.0132412419672915,3.002342794306177e-19,1.3180142025160687e-14,0.1929921678863689,9.744894354803457e-15,1.8522053095738594e-13,5.23206961508536e-06,2.196536017175124e-09,7.501158957869823e-11,3.070135950418192e-10,0.0021498643252018,4.53095568587979e-12,2.728027217918333e-12,1.6243995175680586e-17,0.1233333247532999,1.4798457300510578e-13,1.7931605778144363e-14,7.207364624762854e-16,0.0060381499957801,0.0562852070751522,2.4706686776126576e-14,2.728027217918333e-12,0.04941253560738255,0.20603908905598872
79,1.9641170155470934e-17,1.9243931582597546e-15,3.0199488882351128e-12,1.1372695276924203,0.0003805256297163,8.000577618044157e-05,1.1663180031013362e-15,7.890920719721029e-16,1.5873572214904485e-15,6.597564957902285e-16,0.0132405640103835,3.002342794306177e-19,1.3107580908340234e-15,0.1929884135849358,8.004332343741523e-15,4.1818089887241145e-14,5.177801294468934e-06,2.079139294810492e-09,7.245840847042762e-11,2.9859121956866755e-10,0.0021484806410434,4.511761783637805e-12,2.7027347680859568e-12,2.8781779182038515e-16,0.123332019745865,1.2571645213522401e-13,1.6099820021376783e-14,1.6343253713076873e-15,0.0060367981919834,0.0562825264747588,7.589880474015625e-14,2.7027347680859568e-12,0.04941174329062199,0.206036761065872
80,1.032858738900209e-16,6.397066616909256e-16,2.807021563309569e-12,1.1372583834072905,0.0003803278585074,7.983549432898795e-05,7.370354179283578e-16,4.2583935046926544e-14,4.598244713269191e-16,1.5429080410055923e-16,0.0132393663063163,1.8339538273767534e-19,1.651849671600999e-16,0.1929860743406531,7.903232090129828e-15,4.1818089887241145e-14,5.145157033778496e-06,2.0217152846610246e-09,6.553769071340116e-11,2.909805634213648e-10,0.0021474692139979,2.9256404730807183e-12,1.12894167696411e-12,7.788707300059026e-16,0.1233305350277507,9.833698375679873e-14,4.512765217523547e-14,5.229805965375054e-16,0.0060360546096759,0.0562812383417072,1.1843589237518632e-13,1.12894167696411e-12,0.04941111071428112,0.20603474932685725
81,1.7807614758041954e-16,1.2391019956018198e-16,2.3958255593918856e-12,1.1372451160249892,0.000380061733271,7.974580135693684e-05,7.813004233109713e-17,1.2182290311239527e-14,3.0303092011972483e-16,3.2222046392486843e-16,0.0132382075436995,3.002342794306177e-19,2.4919591926874307e-15,0.1929839182094038,6.162154154746438e-15,7.791082338481665e-14,4.999048416604261e-06,1.993321871342753e-09,5.662983259071649e-11,8.872269674014932e-11,0.002146964135131,3.768951220818075e-12,2.0197879134454778e-12,3.627478585510529e-17,0.1233292371627318,6.291553325909157e-14,2.384045559846448e-14,6.863840107782807e-16,0.006035511494399,0.0562803050366019,6.262103619990258e-14,2.0197879134454778e-12,0.04941045381732611,0.206032366111825
82,2.5390964198450344e-17,3.8282991046470807e-16,2.677312689844382e-12,1.137236351383124,0.0003798127153946,7.963007704018597e-05,1.8227322833808584e-16,1.904018299785968e-15,1.216012075343293e-16,3.2222046392486843e-16,0.0132374495621165,1.280621291719382e-19,4.4325799567435976e-16,0.1929800990016247,4.712804819383432e-15,4.7843259854436894e-14,4.941453396767357e-06,1.979204813123668e-09,5.101472633831156e-11,8.872269674014932e-11,0.0021463773158281,3.3949817381139247e-12,3.1639908741142773e-13,1.6243995175680586e-17,0.1233282109110177,6.291553325909157e-14,1.1835085650590008e-14,1.2245953038849731e-16,0.0060350370644314,0.0562789716312184,1.989897245861541e-14,3.1639908741142773e-13,0.04940989945937658,0.20603073670143057
83,2.5390964198450344e-17,9.697958648623797e-17,1.449029337340586e-12,1.1372287598393296,0.0003796680782122,7.953430009603656e-05,1.1271139273713534e-16,2.1624513509408012e-16,2.539823473849497e-16,2.5235454677245416e-16,0.0132370762558016,2.972905043411801e-19,1.6713127073852787e-16,0.1929778065554309,6.7773750288393e-16,1.838632853108829e-14,4.916521077501072e-06,1.9114428530803514e-09,2.546203207771185e-11,1.4102103802925879e-10,0.0021458538076098,1.5734759964842873e-12,2.881318692947484e-13,3.674300382890259e-17,0.1233274352486015,2.0609550251125052e-14,5.921093001223343e-15,1.2245953038849731e-16,0.0060346784694371,0.056278190125808,2.6145881919826797e-16,2.881318692947484e-13,0.04940948133169961,0.20602934803131864
84,2.7410828618337617e-17,2.139374783273276e-17,6.88532076823425e-13,1.1372212898130707,0.0003795219317746,7.943152454293577e-05,9.561190169524195e-17,1.2940879600792469e-15,5.669702908963564e-17,1.865443105065786e-16,0.0132367040225174,9.031449787535112e-20,1.651849671600999e-16,0.1929766611882329,5.410076415078669e-16,7.0527788733803696e-15,4.905021261590159e-06,1.7259578942613767e-09,2.546203207771185e-11,1.0544023420566168e-10,0.0021455912939496,2.572566738596188e-12,5.80080785128792e-13,4.364390157484902e-17,0.1233265000842451,3.3150499121761326e-14,2.4998112780045973e-15,3.207666335369748e-16,0.0060342526123596,0.0562776625244133,3.567948432898847e-15,5.80080785128792e-13,0.049409113608939285,0.20602800419876124
85,5.560874737775228e-18,1.1760441100306136e-17,6.88532076823425e-13,1.137213731256002,0.0003794036368854,7.93833329132085e-05,9.561190169524195e-17,2.43709280216713e-16,5.612967022522133e-17,2.521104983222645e-16,0.0132362395842753,3.639794162287733e-20,1.4615608568755734e-16,0.1929742038497198,7.06680805225627e-17,4.030241845339527e-15,4.86877899544486e-06,1.6300168986172524e-09,2.314597455943636e-11,6.121484811699553e-11,0.002145223074813,1.5324071498783377e-12,5.638415155590302e-13,1.8012061561348766e-17,0.1233260290874388,1.6681377946369287e-14,2.4998112780045973e-15,1.2245953038849731e-16,0.0060340011267986,0.0562769521809669,1.105297779391138e-14,5.638415155590302e-13,0.049408710891161486,0.20602661932370767
86,2.119937823320124e-17,4.516906738531045e-18,7.400930063539852e-13,1.1372087271119844,0.0003793301599439,7.934226185855345e-05,6.186276194777994e-17,3.699661159366802e-16,4.8108949851247746e-17,5.696747895736696e-17,0.0132359644913916,9.771309865111806e-20,7.733120320626861e-17,0.1929729330537924,8.976964204851674e-17,3.180032589236473e-15,4.845047671631357e-06,1.5624264244993843e-09,1.8884215049291328e-11,5.1895884072755846e-11,0.0021448940567236,2.856097680771499e-13,4.791173343035872e-13,5.081065886959796e-18,0.1233255798659426,1.9153219908507777e-14,2.4998112780045973e-15,1.5378970831159882e-16,0.0060338146662461,0.0562764345092702,5.782757972198082e-15,2.856097680771499e-13,0.04940844731805057,0.20602570967718165
87,1.6776379876579282e-17,1.1760441100306136e-17,3.254489648873319e-13,1.1372046019966502,0.0003792481939206,7.928722011883885e-05,1.3420781745295823e-17,5.520789622886082e-16,1.5020706736418516e-17,8.200475118510503e-17,0.0132357662398983,1.0769512323184386e-19,3.2762289034300135e-17,0.1929715709160785,3.021797048063653e-17,2.920192783076627e-15,4.826539147870604e-06,1.385119124987443e-09,1.6936718634677493e-11,5.0796785912235815e-11,0.0021446811744195,2.856097680771499e-13,4.1642191369953533e-13,2.1799829900183286e-17,0.1233252092789657,1.8642831898908385e-14,2.5155424561261398e-15,9.938127878025759e-17,0.0060336339697307,0.0562754589003093,2.6145881919826797e-16,2.856097680771499e-13,0.04940820277042403,0.20602495180716546
88,6.983374967317689e-18,4.323042774500456e-18,1.1918553794751192e-13,1.1371998586700305,0.000379205317891,7.920593156843834e-05,1.4634129286761368e-17,2.43709280216713e-16,1.2988586101917889e-17,8.388736261996188e-17,0.0132354643056104,3.9198027923509725e-20,2.4602501786022546e-17,0.1929706065075224,8.523530949940725e-18,2.831589062200509e-15,4.816635021748464e-06,1.3797097939287722e-09,1.5688025406725538e-11,4.569850118627526e-11,0.002144548108548,5.384843851775542e-13,3.60758013466121e-13,2.5229430207566976e-17,0.1233249630075101,1.444508277808207e-14,1.4974397349648225e-15,8.719492172388225e-17,0.0060334759717312,0.0562749789560018,8.610331717539056e-15,1.1918553794751192e-13,0.04940797176947026,0.20602409607571745
89,7.726703688043302e-18,4.516906738531045e-18,4.388788276935963e-13,1.1371975016663274,0.0003791555478556,7.916886381830456e-05,1.997315484948029e-17,3.699661159366802e-16,2.685956975775633e-17,4.74928532915942e-18,0.0132351125277802,3.1201928018802113e-20,1.6250152060344142e-17,0.1929700657700115,8.523530949940725e-18,2.797616297576696e-15,4.799629648996734e-06,1.3541708542941815e-09,1.2954656470779064e-11,4.747301349617956e-11,0.0021443805491849,1.4413669454996329e-13,2.881318692947484e-13,5.081065886959796e-18,0.1233245008719808,2.301049908512668e-14,1.1291500011626469e-15,6.741343464800694e-17,0.0060333355652123,0.0562747414315985,3.412525247083729e-15,1.4413669454996329e-13,0.049407831091578036,0.20602366805044714
90,6.263908016339058e-18,5.627266658452263e-18,1.1918553794751192e-13,1.137194360576271,0.0003791281798127,7.915122407518504e-05,3.697776177950742e-19,1.3572760836804013e-17,1.2988586101917889e-17,6.313147155838455e-17,0.0132348671050544,4.822008371352071e-23,2.3629792237605128e-17,0.1929690431641516,8.523530949940725e-18,2.783212152881972e-15,4.778428774798075e-06,1.2738305246960768e-09,1.1692319363170774e-11,3.847236120436968e-11,0.0021442177624221,1.1135149314633397e-13,1.1117186183323653e-13,1.2544408320205354e-17,0.1233242604190877,9.333641863021891e-15,9.593296134229048e-16,5.647575777962158e-17,0.0060332434488108,0.0562745083553305,2.6145881919826797e-16,1.1117186183323653e-13,0.04940766322542391,0.20602309219494044
91,5.4365404979045395e-18,4.323042774500456e-18,3.584462573248285e-15,1.1371917527192623,0.0003791092271415,7.912565733320027e-05,2.1878230393068307e-18,8.846208601648723e-17,8.003998977954426e-18,1.1699530780750895e-17,0.0132347265848432,1.708218701675473e-20,3.350033936559746e-17,0.1929681544262152,1.7737881566814828e-17,2.536302169353994e-15,4.767885805318377e-06,1.2442952663824163e-09,1.1087237706024609e-11,3.443237264209666e-11,0.002144119152758,7.116287849049023e-14,1.7190228719072011e-13,4.668375037779961e-18,0.1233241402010649,7.250896606054692e-15,3.5730081763917524e-16,5.928152253252521e-17,0.006033198003386,0.0562742705522955,9.636543255416629e-16,7.250896606054692e-15,0.0494075279258122,0.20602261320788945
92,9.659145378324672e-20,1.6065362534089373e-18,8.827427153883156e-14,1.13718950845047,0.0003790750445794,7.910567427080603e-05,2.3864431048709858e-17,6.823886218818666e-18,1.628897061968091e-17,1.2025154393149032e-17,0.0132346162203798,1.7565426027332416e-20,1.3857572584835125e-18,0.1929674252973719,2.250899296429033e-17,1.474950048108878e-15,4.761839822015815e-06,1.1521822042555667e-09,1.0126074286829492e-11,3.111885375295059e-11,0.0021440502641032,4.5926601393896393e-14,7.309290455489607e-14,4.688471974858032e-18,0.1233239752516838,7.769687528854505e-15,3.915945161561095e-16,1.975673221202529e-17,0.0060331024541328,0.0562740742876551,6.069183077545886e-16,4.5926601393896393e-14,0.04940740954768108,0.20602220141863986
93,3.693333526854505e-19,1.662820849731788e-18,6.6449219868322e-14,1.1371883891304722,0.0003790506039333,7.908467349753612e-05,2.016653760350895e-18,1.8925593281045642e-16,5.884728262875305e-19,5.992937043148205e-18,0.0132344589303858,1.5839113014765306e-20,2.7060991021121437e-17,0.1929666287036982,6.335989012528389e-18,1.474950048108878e-15,4.752279266231157e-06,1.176729212352804e-09,8.846808745842272e-12,2.6281940646173656e-11,0.0021439907189329,5.677634900614818e-14,7.838626341343688e-14,1.579132911502464e-18,0.12332382998556,8.825644262661918e-15,1.3072941841264976e-16,1.1264934821536844e-17,0.0060330451256928,0.0562739154411476,1.7548900464222663e-16,5.677634900614818e-14,0.049407327316279254,0.20602198622059245
94,4.411505248562314e-19,3.3761171222038403e-19,4.1622440265980086e-14,1.1371869010029454,0.0003790363269326,7.906842804346662e-05,2.016653760350895e-18,1.7174959061236255e-16,2.7843384512322694e-19,4.659150171590624e-18,0.0132343667168932,1.5029797778372257e-20,1.6169435323491573e-18,0.1929660505821383,1.9897764713968692e-17,1.509832749670469e-15,4.746176721539302e-06,1.077159669354749e-09,8.29563689214111e-12,2.3530968329920443e-11,0.0021439248203298,4.5926601393896393e-14,6.327795832934507e-14,1.4824116895544169e-18,0.1233237573573426,4.984069396506873e-15,2.0417043676899206e-17,2.4227808404654906e-17,0.0060330053639146,0.0562737493851169,1.0099430258060887e-16,4.1622440265980086e-14,0.04940724539579104,0.20602171144773218
95,9.433965430594118e-20,7.59309954516807e-20,3.3458941230117616e-14,1.1371857916967154,0.0003790262210671,7.905917289959077e-05,2.566544586597989e-18,6.823886218818666e-18,9.57746153583824e-19,4.348912899608114e-18,0.0132342960670455,1.061839871778475e-20,7.343462616970525e-18,0.1929657620263837,8.054673342461712e-19,1.1819298399615049e-15,4.740190509952865e-06,1.0773327431370091e-09,7.74418962302349e-12,2.164409423509583e-11,0.0021438743815106,4.5926601393896393e-14,5.3896484244846116e-14,5.7213346525458e-19,0.1233236746176925,6.841403971233458e-15,5.5156680645818427e-17,1.923858419197081e-18,0.0060329610404052,0.0562736228896668,7.766575454952584e-17,3.3458941230117616e-14,0.04940718740034705,0.2060215096922982
96,2.8545170399268663e-20,4.532145256959513e-20,3.584462573248285e-15,1.1371849907975782,0.0003790102674936,7.904705812840335e-05,5.488526752539684e-19,7.794795350269722e-19,1.1064320506060421e-18,9.067562846944588e-18,0.0132341945280978,7.44703965951885e-21,3.42292178359028e-19,0.1929655639189483,6.612353064753404e-19,1.0747507412893417e-15,4.737238522774718e-06,1.060425590089987e-09,7.285910689852385e-12,2.1205045269302852e-11,0.0021438326964021,4.5926601393896393e-14,4.8728567850451117e-14,7.968811488420144e-19,0.123323586995183,5.3840160921313856e-15,3.286384812782388e-17,4.6506661554415884e-18,0.0060329277253473,0.0562735216808721,2.750704070632559e-16,5.3840160921313856e-15,0.049407142386954685,0.20602136436798824
97,1.9313511222531145e-19,4.532145256959513e-20,1.852644623382277e-14,1.137183678921553,0.0003790008183669,7.904001933438792e-05,9.164742918024563e-19,2.1231414580561418e-17,5.990968673417529e-20,4.617988491936216e-20,0.0132341362194144,6.803155342260572e-21,2.3705014178230933e-18,0.1929650515937293,4.852266849091299e-19,9.156723360233505e-16,4.732244222102605e-06,1.04149477520913e-09,7.047537824403957e-12,2.022633914665768e-11,0.0021438013564591,3.4965911752735385e-14,4.1333763245416575e-14,9.45644834995681e-20,0.1233235171892202,5.179914013397578e-15,1.017469292168177e-17,5.901422269080393e-20,0.0060329016666203,0.0562734677696424,2.357213721527235e-16,1.852644623382277e-14,0.049407075124755874,0.20602112162143119
98,3.201292470333995e-20,4.532145256959513e-20,1.447842764239017e-14,1.1371829442376498,0.0003789914640815,7.903223660341955e-05,1.757360235322099e-19,1.402549212589778e-20,2.7786108596537725e-19,5.7201585165979555e-18,0.0132341034755642,6.7166534662860265e-21,3.4440924697452278e-18,0.1929647956507501,5.055373582848457e-19,3.983048181085862e-16,4.721458254884036e-06,1.0143389326625571e-09,4.8953073304307236e-12,1.8702208911642037e-11,0.0021437815073681,3.285493976311564e-14,3.520733802150626e-14,7.633627732896416e-20,0.1233234822916728,7.538512922461293e-16,3.920432989760934e-18,1.921557632234651e-18,0.0060328634128308,0.0562734097734548,2.7879536238476727e-17,1.447842764239017e-14,0.04940703634020163,0.20602098672690813
99,4.6193910454323685e-20,2.1872121148570544e-20,1.447842764239017e-14,1.1371823988779004,0.0003789867915352,7.902533426667079e-05,7.432190187278591e-20,1.402549212589778e-20,1.344493557752766e-19,4.3050023614003713e-19,0.0132340380553624,6.7166534662860265e-21,7.817645873333143e-19,0.1929645747863272,1.5538523341663677e-19,2.4903082897116635e-16,4.7158477806058114e-06,9.98362477623121e-10,4.0065077435228846e-12,1.7463909845584866e-11,0.0021437653155261,3.285493976311564e-14,3.691891808675116e-14,6.591316549431616e-20,0.1233234447792409,2.340600521304168e-15,2.0658753903700432e-18,1.923858419197081e-18,0.0060328428764246,0.056273344753681,1.5904317512073562e-17,1.447842764239017e-14,0.0494070044657408,0.2060208858819838
